Tasks: 96
Nodes: 1
Binary: /.../mpi-benchmarks/build/bin/example_04_broadcast
=== NUMA topology ===
computenode0
available: 4 nodes (0-3)
node 0 cpus: 0 1 2 3 4 5 6 7 8 9 10 11 12 13 14 15 16 17 18 19 20 21 22 23 96 97 98 99 100 101 102 103 104 105 106 107 108 109 110 111 112 113 114 115 116 117 118 119
node 0 size: 127767 MB
node 0 free: 29428 MB
node 1 cpus: 24 25 26 27 28 29 30 31 32 33 34 35 36 37 38 39 40 41 42 43 44 45 46 47 120 121 122 123 124 125 126 127 128 129 130 131 132 133 134 135 136 137 138 139 140 141 142 143
node 1 size: 128719 MB
node 1 free: 107767 MB
node 2 cpus: 48 49 50 51 52 53 54 55 56 57 58 59 60 61 62 63 64 65 66 67 68 69 70 71 144 145 146 147 148 149 150 151 152 153 154 155 156 157 158 159 160 161 162 163 164 165 166 167
node 2 size: 128719 MB
node 2 free: 106921 MB
node 3 cpus: 72 73 74 75 76 77 78 79 80 81 82 83 84 85 86 87 88 89 90 91 92 93 94 95 168 169 170 171 172 173 174 175 176 177 178 179 180 181 182 183 184 185 186 187 188 189 190 191
node 3 size: 128706 MB
node 3 free: 107973 MB
node distances:
node     0    1    2    3 
   0:   10   32   32   32 
   1:   32   10   32   32 
   2:   32   32   10   32 
   3:   32   32   32   10 

==============================
 1) DEFAULT
==============================
Rank 0 running on computenode0
Rank 0 SLURM info: PROCID=0 LOCALID=0 NODEID=0
Rank 0 affinity mask: 0 
Rank 0 current logical CPU: 0
Rank 1 running on computenode0
Rank 1 SLURM info: PROCID=1 LOCALID=1 NODEID=0
Rank 1 affinity mask: 24 
Rank 1 current logical CPU: 24
Rank 2 running on computenode0
Rank 2 SLURM info: PROCID=2 LOCALID=2 NODEID=0
Rank 2 affinity mask: 48 
Rank 2 current logical CPU: 48
Rank 3 running on computenode0
Rank 3 SLURM info: PROCID=3 LOCALID=3 NODEID=0
Rank 3 affinity mask: 72 
Rank 3 current logical CPU: 72
Rank 4 running on computenode0
Rank 4 SLURM info: PROCID=4 LOCALID=4 NODEID=0
Rank 4 affinity mask: 1 
Rank 4 current logical CPU: 1
Rank 5 running on computenode0
Rank 5 SLURM info: PROCID=5 LOCALID=5 NODEID=0
Rank 5 affinity mask: 25 
Rank 5 current logical CPU: 25
Rank 6 running on computenode0
Rank 6 SLURM info: PROCID=6 LOCALID=6 NODEID=0
Rank 6 affinity mask: 49 
Rank 6 current logical CPU: 49
Rank 7 running on computenode0
Rank 7 SLURM info: PROCID=7 LOCALID=7 NODEID=0
Rank 7 affinity mask: 73 
Rank 7 current logical CPU: 73
Rank 8 running on computenode0
Rank 8 SLURM info: PROCID=8 LOCALID=8 NODEID=0
Rank 8 affinity mask: 2 
Rank 8 current logical CPU: 2
Rank 9 running on computenode0
Rank 9 SLURM info: PROCID=9 LOCALID=9 NODEID=0
Rank 9 affinity mask: 26 
Rank 9 current logical CPU: 26
Rank 10 running on computenode0
Rank 10 SLURM info: PROCID=10 LOCALID=10 NODEID=0
Rank 10 affinity mask: 50 
Rank 10 current logical CPU: 50
Rank 11 running on computenode0
Rank 11 SLURM info: PROCID=11 LOCALID=11 NODEID=0
Rank 11 affinity mask: 74 
Rank 11 current logical CPU: 74
Rank 12 running on computenode0
Rank 12 SLURM info: PROCID=12 LOCALID=12 NODEID=0
Rank 12 affinity mask: 3 
Rank 12 current logical CPU: 3
Rank 13 running on computenode0
Rank 13 SLURM info: PROCID=13 LOCALID=13 NODEID=0
Rank 13 affinity mask: 27 
Rank 13 current logical CPU: 27
Rank 14 running on computenode0
Rank 14 SLURM info: PROCID=14 LOCALID=14 NODEID=0
Rank 14 affinity mask: 51 
Rank 14 current logical CPU: 51
Rank 15 running on computenode0
Rank 15 SLURM info: PROCID=15 LOCALID=15 NODEID=0
Rank 15 affinity mask: 75 
Rank 15 current logical CPU: 75
Rank 16 running on computenode0
Rank 16 SLURM info: PROCID=16 LOCALID=16 NODEID=0
Rank 16 affinity mask: 4 
Rank 16 current logical CPU: 4
Rank 17 running on computenode0
Rank 17 SLURM info: PROCID=17 LOCALID=17 NODEID=0
Rank 17 affinity mask: 28 
Rank 17 current logical CPU: 28
Rank 18 running on computenode0
Rank 18 SLURM info: PROCID=18 LOCALID=18 NODEID=0
Rank 18 affinity mask: 52 
Rank 18 current logical CPU: 52
Rank 19 running on computenode0
Rank 19 SLURM info: PROCID=19 LOCALID=19 NODEID=0
Rank 19 affinity mask: 76 
Rank 19 current logical CPU: 76
Rank 20 running on computenode0
Rank 20 SLURM info: PROCID=20 LOCALID=20 NODEID=0
Rank 20 affinity mask: 5 
Rank 20 current logical CPU: 5
Rank 21 running on computenode0
Rank 21 SLURM info: PROCID=21 LOCALID=21 NODEID=0
Rank 21 affinity mask: 29 
Rank 21 current logical CPU: 29
Rank 22 running on computenode0
Rank 22 SLURM info: PROCID=22 LOCALID=22 NODEID=0
Rank 22 affinity mask: 53 
Rank 22 current logical CPU: 53
Rank 23 running on computenode0
Rank 23 SLURM info: PROCID=23 LOCALID=23 NODEID=0
Rank 23 affinity mask: 77 
Rank 23 current logical CPU: 77
Rank 24 running on computenode0
Rank 24 SLURM info: PROCID=24 LOCALID=24 NODEID=0
Rank 24 affinity mask: 6 
Rank 24 current logical CPU: 6
Rank 25 running on computenode0
Rank 25 SLURM info: PROCID=25 LOCALID=25 NODEID=0
Rank 25 affinity mask: 30 
Rank 25 current logical CPU: 30
Rank 26 running on computenode0
Rank 26 SLURM info: PROCID=26 LOCALID=26 NODEID=0
Rank 26 affinity mask: 54 
Rank 26 current logical CPU: 54
Rank 27 running on computenode0
Rank 27 SLURM info: PROCID=27 LOCALID=27 NODEID=0
Rank 27 affinity mask: 78 
Rank 27 current logical CPU: 78
Rank 28 running on computenode0
Rank 28 SLURM info: PROCID=28 LOCALID=28 NODEID=0
Rank 28 affinity mask: 7 
Rank 28 current logical CPU: 7
Rank 29 running on computenode0
Rank 29 SLURM info: PROCID=29 LOCALID=29 NODEID=0
Rank 29 affinity mask: 31 
Rank 29 current logical CPU: 31
Rank 30 running on computenode0
Rank 30 SLURM info: PROCID=30 LOCALID=30 NODEID=0
Rank 30 affinity mask: 55 
Rank 30 current logical CPU: 55
Rank 31 running on computenode0
Rank 31 SLURM info: PROCID=31 LOCALID=31 NODEID=0
Rank 31 affinity mask: 79 
Rank 31 current logical CPU: 79
Rank 32 running on computenode0
Rank 32 SLURM info: PROCID=32 LOCALID=32 NODEID=0
Rank 32 affinity mask: 8 
Rank 32 current logical CPU: 8
Rank 33 running on computenode0
Rank 33 SLURM info: PROCID=33 LOCALID=33 NODEID=0
Rank 33 affinity mask: 32 
Rank 33 current logical CPU: 32
Rank 34 running on computenode0
Rank 34 SLURM info: PROCID=34 LOCALID=34 NODEID=0
Rank 34 affinity mask: 56 
Rank 34 current logical CPU: 56
Rank 35 running on computenode0
Rank 35 SLURM info: PROCID=35 LOCALID=35 NODEID=0
Rank 35 affinity mask: 80 
Rank 35 current logical CPU: 80
Rank 36 running on computenode0
Rank 36 SLURM info: PROCID=36 LOCALID=36 NODEID=0
Rank 36 affinity mask: 9 
Rank 36 current logical CPU: 9
Rank 37 running on computenode0
Rank 37 SLURM info: PROCID=37 LOCALID=37 NODEID=0
Rank 37 affinity mask: 33 
Rank 37 current logical CPU: 33
Rank 38 running on computenode0
Rank 38 SLURM info: PROCID=38 LOCALID=38 NODEID=0
Rank 38 affinity mask: 57 
Rank 38 current logical CPU: 57
Rank 39 running on computenode0
Rank 39 SLURM info: PROCID=39 LOCALID=39 NODEID=0
Rank 39 affinity mask: 81 
Rank 39 current logical CPU: 81
Rank 40 running on computenode0
Rank 40 SLURM info: PROCID=40 LOCALID=40 NODEID=0
Rank 40 affinity mask: 10 
Rank 40 current logical CPU: 10
Rank 41 running on computenode0
Rank 41 SLURM info: PROCID=41 LOCALID=41 NODEID=0
Rank 41 affinity mask: 34 
Rank 41 current logical CPU: 34
Rank 42 running on computenode0
Rank 42 SLURM info: PROCID=42 LOCALID=42 NODEID=0
Rank 42 affinity mask: 58 
Rank 42 current logical CPU: 58
Rank 43 running on computenode0
Rank 43 SLURM info: PROCID=43 LOCALID=43 NODEID=0
Rank 43 affinity mask: 82 
Rank 43 current logical CPU: 82
Rank 44 running on computenode0
Rank 44 SLURM info: PROCID=44 LOCALID=44 NODEID=0
Rank 44 affinity mask: 11 
Rank 44 current logical CPU: 11
Rank 45 running on computenode0
Rank 45 SLURM info: PROCID=45 LOCALID=45 NODEID=0
Rank 45 affinity mask: 35 
Rank 45 current logical CPU: 35
Rank 46 running on computenode0
Rank 46 SLURM info: PROCID=46 LOCALID=46 NODEID=0
Rank 46 affinity mask: 59 
Rank 46 current logical CPU: 59
Rank 47 running on computenode0
Rank 47 SLURM info: PROCID=47 LOCALID=47 NODEID=0
Rank 47 affinity mask: 83 
Rank 47 current logical CPU: 83
Rank 48 running on computenode0
Rank 48 SLURM info: PROCID=48 LOCALID=48 NODEID=0
Rank 48 affinity mask: 12 
Rank 48 current logical CPU: 12
Rank 49 running on computenode0
Rank 49 SLURM info: PROCID=49 LOCALID=49 NODEID=0
Rank 49 affinity mask: 36 
Rank 49 current logical CPU: 36
Rank 50 running on computenode0
Rank 50 SLURM info: PROCID=50 LOCALID=50 NODEID=0
Rank 50 affinity mask: 60 
Rank 50 current logical CPU: 60
Rank 51 running on computenode0
Rank 51 SLURM info: PROCID=51 LOCALID=51 NODEID=0
Rank 51 affinity mask: 84 
Rank 51 current logical CPU: 84
Rank 52 running on computenode0
Rank 52 SLURM info: PROCID=52 LOCALID=52 NODEID=0
Rank 52 affinity mask: 13 
Rank 52 current logical CPU: 13
Rank 53 running on computenode0
Rank 53 SLURM info: PROCID=53 LOCALID=53 NODEID=0
Rank 53 affinity mask: 37 
Rank 53 current logical CPU: 37
Rank 54 running on computenode0
Rank 54 SLURM info: PROCID=54 LOCALID=54 NODEID=0
Rank 54 affinity mask: 61 
Rank 54 current logical CPU: 61
Rank 55 running on computenode0
Rank 55 SLURM info: PROCID=55 LOCALID=55 NODEID=0
Rank 55 affinity mask: 85 
Rank 55 current logical CPU: 85
Rank 56 running on computenode0
Rank 56 SLURM info: PROCID=56 LOCALID=56 NODEID=0
Rank 56 affinity mask: 14 
Rank 56 current logical CPU: 14
Rank 57 running on computenode0
Rank 57 SLURM info: PROCID=57 LOCALID=57 NODEID=0
Rank 57 affinity mask: 38 
Rank 57 current logical CPU: 38
Rank 58 running on computenode0
Rank 58 SLURM info: PROCID=58 LOCALID=58 NODEID=0
Rank 58 affinity mask: 62 
Rank 58 current logical CPU: 62
Rank 59 running on computenode0
Rank 59 SLURM info: PROCID=59 LOCALID=59 NODEID=0
Rank 59 affinity mask: 86 
Rank 59 current logical CPU: 86
Rank 60 running on computenode0
Rank 60 SLURM info: PROCID=60 LOCALID=60 NODEID=0
Rank 60 affinity mask: 15 
Rank 60 current logical CPU: 15
Rank 61 running on computenode0
Rank 61 SLURM info: PROCID=61 LOCALID=61 NODEID=0
Rank 61 affinity mask: 39 
Rank 61 current logical CPU: 39
Rank 62 running on computenode0
Rank 62 SLURM info: PROCID=62 LOCALID=62 NODEID=0
Rank 62 affinity mask: 63 
Rank 62 current logical CPU: 63
Rank 63 running on computenode0
Rank 63 SLURM info: PROCID=63 LOCALID=63 NODEID=0
Rank 63 affinity mask: 87 
Rank 63 current logical CPU: 87
Rank 64 running on computenode0
Rank 64 SLURM info: PROCID=64 LOCALID=64 NODEID=0
Rank 64 affinity mask: 16 
Rank 64 current logical CPU: 16
Rank 65 running on computenode0
Rank 65 SLURM info: PROCID=65 LOCALID=65 NODEID=0
Rank 65 affinity mask: 40 
Rank 65 current logical CPU: 40
Rank 66 running on computenode0
Rank 66 SLURM info: PROCID=66 LOCALID=66 NODEID=0
Rank 66 affinity mask: 64 
Rank 66 current logical CPU: 64
Rank 67 running on computenode0
Rank 67 SLURM info: PROCID=67 LOCALID=67 NODEID=0
Rank 67 affinity mask: 88 
Rank 67 current logical CPU: 88
Rank 68 running on computenode0
Rank 68 SLURM info: PROCID=68 LOCALID=68 NODEID=0
Rank 68 affinity mask: 17 
Rank 68 current logical CPU: 17
Rank 69 running on computenode0
Rank 69 SLURM info: PROCID=69 LOCALID=69 NODEID=0
Rank 69 affinity mask: 41 
Rank 69 current logical CPU: 41
Rank 70 running on computenode0
Rank 70 SLURM info: PROCID=70 LOCALID=70 NODEID=0
Rank 70 affinity mask: 65 
Rank 70 current logical CPU: 65
Rank 71 running on computenode0
Rank 71 SLURM info: PROCID=71 LOCALID=71 NODEID=0
Rank 71 affinity mask: 89 
Rank 71 current logical CPU: 89
Rank 72 running on computenode0
Rank 72 SLURM info: PROCID=72 LOCALID=72 NODEID=0
Rank 72 affinity mask: 18 
Rank 72 current logical CPU: 18
Rank 73 running on computenode0
Rank 73 SLURM info: PROCID=73 LOCALID=73 NODEID=0
Rank 73 affinity mask: 42 
Rank 73 current logical CPU: 42
Rank 74 running on computenode0
Rank 74 SLURM info: PROCID=74 LOCALID=74 NODEID=0
Rank 74 affinity mask: 66 
Rank 74 current logical CPU: 66
Rank 75 running on computenode0
Rank 75 SLURM info: PROCID=75 LOCALID=75 NODEID=0
Rank 75 affinity mask: 90 
Rank 75 current logical CPU: 90
Rank 76 running on computenode0
Rank 76 SLURM info: PROCID=76 LOCALID=76 NODEID=0
Rank 76 affinity mask: 19 
Rank 76 current logical CPU: 19
Rank 77 running on computenode0
Rank 77 SLURM info: PROCID=77 LOCALID=77 NODEID=0
Rank 77 affinity mask: 43 
Rank 77 current logical CPU: 43
Rank 78 running on computenode0
Rank 78 SLURM info: PROCID=78 LOCALID=78 NODEID=0
Rank 78 affinity mask: 67 
Rank 78 current logical CPU: 67
Rank 79 running on computenode0
Rank 79 SLURM info: PROCID=79 LOCALID=79 NODEID=0
Rank 79 affinity mask: 91 
Rank 79 current logical CPU: 91
Rank 80 running on computenode0
Rank 80 SLURM info: PROCID=80 LOCALID=80 NODEID=0
Rank 80 affinity mask: 20 
Rank 80 current logical CPU: 20
Rank 81 running on computenode0
Rank 81 SLURM info: PROCID=81 LOCALID=81 NODEID=0
Rank 81 affinity mask: 44 
Rank 81 current logical CPU: 44
Rank 82 running on computenode0
Rank 82 SLURM info: PROCID=82 LOCALID=82 NODEID=0
Rank 82 affinity mask: 68 
Rank 82 current logical CPU: 68
Rank 83 running on computenode0
Rank 83 SLURM info: PROCID=83 LOCALID=83 NODEID=0
Rank 83 affinity mask: 92 
Rank 83 current logical CPU: 92
Rank 84 running on computenode0
Rank 84 SLURM info: PROCID=84 LOCALID=84 NODEID=0
Rank 84 affinity mask: 21 
Rank 84 current logical CPU: 21
Rank 85 running on computenode0
Rank 85 SLURM info: PROCID=85 LOCALID=85 NODEID=0
Rank 85 affinity mask: 45 
Rank 85 current logical CPU: 45
Rank 86 running on computenode0
Rank 86 SLURM info: PROCID=86 LOCALID=86 NODEID=0
Rank 86 affinity mask: 69 
Rank 86 current logical CPU: 69
Rank 87 running on computenode0
Rank 87 SLURM info: PROCID=87 LOCALID=87 NODEID=0
Rank 87 affinity mask: 93 
Rank 87 current logical CPU: 93
Rank 88 running on computenode0
Rank 88 SLURM info: PROCID=88 LOCALID=88 NODEID=0
Rank 88 affinity mask: 22 
Rank 88 current logical CPU: 22
Rank 89 running on computenode0
Rank 89 SLURM info: PROCID=89 LOCALID=89 NODEID=0
Rank 89 affinity mask: 46 
Rank 89 current logical CPU: 46
Rank 90 running on computenode0
Rank 90 SLURM info: PROCID=90 LOCALID=90 NODEID=0
Rank 90 affinity mask: 70 
Rank 90 current logical CPU: 70
Rank 91 running on computenode0
Rank 91 SLURM info: PROCID=91 LOCALID=91 NODEID=0
Rank 91 affinity mask: 94 
Rank 91 current logical CPU: 94
Rank 92 running on computenode0
Rank 92 SLURM info: PROCID=92 LOCALID=92 NODEID=0
Rank 92 affinity mask: 23 
Rank 92 current logical CPU: 23
Rank 93 running on computenode0
Rank 93 SLURM info: PROCID=93 LOCALID=93 NODEID=0
Rank 93 affinity mask: 47 
Rank 93 current logical CPU: 47
Rank 94 running on computenode0
Rank 94 SLURM info: PROCID=94 LOCALID=94 NODEID=0
Rank 94 affinity mask: 71 
Rank 94 current logical CPU: 71
Rank 95 running on computenode0
Rank 95 SLURM info: PROCID=95 LOCALID=95 NODEID=0
Rank 95 affinity mask: 95 
Rank 95 current logical CPU: 95

# MPI Broadcast Benchmark
#
# Configuration
#   MPI ranks        : 96
#   Max message size : 16777216 bytes
#   Warmup iterations: 20
#   Small iterations : 1000
#   Large iterations : 100
#   MPI_Wtick        : 1.000000000e-09 seconds
#
# Metrics
#   Broadcast        : average per-iteration time of the slowest MPI rank
#   EffectiveBW      : aggregate data volume delivered to non-root ranks per unit time
#
# Size(Bytes)	Broadcast(us)	EffectiveBW(MiB/s)
       1 bytes      2.68 us     33.79 MiB/s
       2 bytes      2.77 us     65.36 MiB/s
       4 bytes      2.82 us    128.52 MiB/s
       8 bytes      2.81 us    257.48 MiB/s
      16 bytes      2.82 us    513.89 MiB/s
      32 bytes      2.77 us   1046.42 MiB/s
      64 bytes      2.85 us   2036.21 MiB/s
     128 bytes      2.96 us   3915.98 MiB/s
     256 bytes      3.48 us   6672.00 MiB/s
     512 bytes      6.68 us   6947.08 MiB/s
    1024 bytes     31.01 us   2991.27 MiB/s
    2048 bytes     38.14 us   4864.54 MiB/s
    4096 bytes     57.77 us   6423.28 MiB/s
    8192 bytes     65.13 us  11395.72 MiB/s
   16384 bytes    107.70 us  13782.98 MiB/s
   32768 bytes    210.11 us  14129.58 MiB/s
   65536 bytes    550.70 us  10781.71 MiB/s
  131072 bytes   1137.36 us  10440.85 MiB/s
  262144 bytes   2189.71 us  10846.16 MiB/s
  524288 bytes   4259.77 us  11150.84 MiB/s
 1048576 bytes   8549.47 us  11111.80 MiB/s
 2097152 bytes  15568.54 us  12204.10 MiB/s
 4194304 bytes  18806.53 us  20205.74 MiB/s
 8388608 bytes  25677.42 us  29597.99 MiB/s
16777216 bytes  39458.22 us  38521.76 MiB/s
  Verification data:
    rank 0 : checksum=  2852126720  expected=  2852126720
    rank 1 : checksum=  2852126720  expected=  2852126720
    rank 2 : checksum=  2852126720  expected=  2852126720
    rank 3 : checksum=  2852126720  expected=  2852126720
    rank 4 : checksum=  2852126720  expected=  2852126720
    rank 5 : checksum=  2852126720  expected=  2852126720
    rank 6 : checksum=  2852126720  expected=  2852126720
    rank 7 : checksum=  2852126720  expected=  2852126720
    rank 8 : checksum=  2852126720  expected=  2852126720
    rank 9 : checksum=  2852126720  expected=  2852126720
    rank 10 : checksum=  2852126720  expected=  2852126720
    rank 11 : checksum=  2852126720  expected=  2852126720
    rank 12 : checksum=  2852126720  expected=  2852126720
    rank 13 : checksum=  2852126720  expected=  2852126720
    rank 14 : checksum=  2852126720  expected=  2852126720
    rank 15 : checksum=  2852126720  expected=  2852126720
    rank 16 : checksum=  2852126720  expected=  2852126720
    rank 17 : checksum=  2852126720  expected=  2852126720
    rank 18 : checksum=  2852126720  expected=  2852126720
    rank 19 : checksum=  2852126720  expected=  2852126720
    rank 20 : checksum=  2852126720  expected=  2852126720
    rank 21 : checksum=  2852126720  expected=  2852126720
    rank 22 : checksum=  2852126720  expected=  2852126720
    rank 23 : checksum=  2852126720  expected=  2852126720
    rank 24 : checksum=  2852126720  expected=  2852126720
    rank 25 : checksum=  2852126720  expected=  2852126720
    rank 26 : checksum=  2852126720  expected=  2852126720
    rank 27 : checksum=  2852126720  expected=  2852126720
    rank 28 : checksum=  2852126720  expected=  2852126720
    rank 29 : checksum=  2852126720  expected=  2852126720
    rank 30 : checksum=  2852126720  expected=  2852126720
    rank 31 : checksum=  2852126720  expected=  2852126720
    rank 32 : checksum=  2852126720  expected=  2852126720
    rank 33 : checksum=  2852126720  expected=  2852126720
    rank 34 : checksum=  2852126720  expected=  2852126720
    rank 35 : checksum=  2852126720  expected=  2852126720
    rank 36 : checksum=  2852126720  expected=  2852126720
    rank 37 : checksum=  2852126720  expected=  2852126720
    rank 38 : checksum=  2852126720  expected=  2852126720
    rank 39 : checksum=  2852126720  expected=  2852126720
    rank 40 : checksum=  2852126720  expected=  2852126720
    rank 41 : checksum=  2852126720  expected=  2852126720
    rank 42 : checksum=  2852126720  expected=  2852126720
    rank 43 : checksum=  2852126720  expected=  2852126720
    rank 44 : checksum=  2852126720  expected=  2852126720
    rank 45 : checksum=  2852126720  expected=  2852126720
    rank 46 : checksum=  2852126720  expected=  2852126720
    rank 47 : checksum=  2852126720  expected=  2852126720
    rank 48 : checksum=  2852126720  expected=  2852126720
    rank 49 : checksum=  2852126720  expected=  2852126720
    rank 50 : checksum=  2852126720  expected=  2852126720
    rank 51 : checksum=  2852126720  expected=  2852126720
    rank 52 : checksum=  2852126720  expected=  2852126720
    rank 53 : checksum=  2852126720  expected=  2852126720
    rank 54 : checksum=  2852126720  expected=  2852126720
    rank 55 : checksum=  2852126720  expected=  2852126720
    rank 56 : checksum=  2852126720  expected=  2852126720
    rank 57 : checksum=  2852126720  expected=  2852126720
    rank 58 : checksum=  2852126720  expected=  2852126720
    rank 59 : checksum=  2852126720  expected=  2852126720
    rank 60 : checksum=  2852126720  expected=  2852126720
    rank 61 : checksum=  2852126720  expected=  2852126720
    rank 62 : checksum=  2852126720  expected=  2852126720
    rank 63 : checksum=  2852126720  expected=  2852126720
    rank 64 : checksum=  2852126720  expected=  2852126720
    rank 65 : checksum=  2852126720  expected=  2852126720
    rank 66 : checksum=  2852126720  expected=  2852126720
    rank 67 : checksum=  2852126720  expected=  2852126720
    rank 68 : checksum=  2852126720  expected=  2852126720
    rank 69 : checksum=  2852126720  expected=  2852126720
    rank 70 : checksum=  2852126720  expected=  2852126720
    rank 71 : checksum=  2852126720  expected=  2852126720
    rank 72 : checksum=  2852126720  expected=  2852126720
    rank 73 : checksum=  2852126720  expected=  2852126720
    rank 74 : checksum=  2852126720  expected=  2852126720
    rank 75 : checksum=  2852126720  expected=  2852126720
    rank 76 : checksum=  2852126720  expected=  2852126720
    rank 77 : checksum=  2852126720  expected=  2852126720
    rank 78 : checksum=  2852126720  expected=  2852126720
    rank 79 : checksum=  2852126720  expected=  2852126720
    rank 80 : checksum=  2852126720  expected=  2852126720
    rank 81 : checksum=  2852126720  expected=  2852126720
    rank 82 : checksum=  2852126720  expected=  2852126720
    rank 83 : checksum=  2852126720  expected=  2852126720
    rank 84 : checksum=  2852126720  expected=  2852126720
    rank 85 : checksum=  2852126720  expected=  2852126720
    rank 86 : checksum=  2852126720  expected=  2852126720
    rank 87 : checksum=  2852126720  expected=  2852126720
    rank 88 : checksum=  2852126720  expected=  2852126720
    rank 89 : checksum=  2852126720  expected=  2852126720
    rank 90 : checksum=  2852126720  expected=  2852126720
    rank 91 : checksum=  2852126720  expected=  2852126720
    rank 92 : checksum=  2852126720  expected=  2852126720
    rank 93 : checksum=  2852126720  expected=  2852126720
    rank 94 : checksum=  2852126720  expected=  2852126720
    rank 95 : checksum=  2852126720  expected=  2852126720

==============================
 2) CORE binding
==============================
Rank 0 running on computenode0
Rank 0 SLURM info: PROCID=0 LOCALID=0 NODEID=0
Rank 0 affinity mask: 0 96 
Rank 0 current logical CPU: 0
Rank 1 running on computenode0
Rank 1 SLURM info: PROCID=1 LOCALID=1 NODEID=0
Rank 1 affinity mask: 24 120 
Rank 1 current logical CPU: 24
Rank 2 running on computenode0
Rank 2 SLURM info: PROCID=2 LOCALID=2 NODEID=0
Rank 2 affinity mask: 48 144 
Rank 2 current logical CPU: 48
Rank 3 running on computenode0
Rank 3 SLURM info: PROCID=3 LOCALID=3 NODEID=0
Rank 3 affinity mask: 72 168 
Rank 3 current logical CPU: 72
Rank 4 running on computenode0
Rank 4 SLURM info: PROCID=4 LOCALID=4 NODEID=0
Rank 4 affinity mask: 1 97 
Rank 4 current logical CPU: 1
Rank 5 running on computenode0
Rank 5 SLURM info: PROCID=5 LOCALID=5 NODEID=0
Rank 5 affinity mask: 25 121 
Rank 5 current logical CPU: 25
Rank 6 running on computenode0
Rank 6 SLURM info: PROCID=6 LOCALID=6 NODEID=0
Rank 6 affinity mask: 49 145 
Rank 6 current logical CPU: 49
Rank 7 running on computenode0
Rank 7 SLURM info: PROCID=7 LOCALID=7 NODEID=0
Rank 7 affinity mask: 73 169 
Rank 7 current logical CPU: 73
Rank 8 running on computenode0
Rank 8 SLURM info: PROCID=8 LOCALID=8 NODEID=0
Rank 8 affinity mask: 2 98 
Rank 8 current logical CPU: 2
Rank 9 running on computenode0
Rank 9 SLURM info: PROCID=9 LOCALID=9 NODEID=0
Rank 9 affinity mask: 26 122 
Rank 9 current logical CPU: 26
Rank 10 running on computenode0
Rank 10 SLURM info: PROCID=10 LOCALID=10 NODEID=0
Rank 10 affinity mask: 50 146 
Rank 10 current logical CPU: 50
Rank 11 running on computenode0
Rank 11 SLURM info: PROCID=11 LOCALID=11 NODEID=0
Rank 11 affinity mask: 74 170 
Rank 11 current logical CPU: 74
Rank 12 running on computenode0
Rank 12 SLURM info: PROCID=12 LOCALID=12 NODEID=0
Rank 12 affinity mask: 3 99 
Rank 12 current logical CPU: 3
Rank 13 running on computenode0
Rank 13 SLURM info: PROCID=13 LOCALID=13 NODEID=0
Rank 13 affinity mask: 27 123 
Rank 13 current logical CPU: 27
Rank 14 running on computenode0
Rank 14 SLURM info: PROCID=14 LOCALID=14 NODEID=0
Rank 14 affinity mask: 51 147 
Rank 14 current logical CPU: 147
Rank 15 running on computenode0
Rank 15 SLURM info: PROCID=15 LOCALID=15 NODEID=0
Rank 15 affinity mask: 75 171 
Rank 15 current logical CPU: 75
Rank 16 running on computenode0
Rank 16 SLURM info: PROCID=16 LOCALID=16 NODEID=0
Rank 16 affinity mask: 4 100 
Rank 16 current logical CPU: 4
Rank 17 running on computenode0
Rank 17 SLURM info: PROCID=17 LOCALID=17 NODEID=0
Rank 17 affinity mask: 28 124 
Rank 17 current logical CPU: 28
Rank 18 running on computenode0
Rank 18 SLURM info: PROCID=18 LOCALID=18 NODEID=0
Rank 18 affinity mask: 52 148 
Rank 18 current logical CPU: 52
Rank 19 running on computenode0
Rank 19 SLURM info: PROCID=19 LOCALID=19 NODEID=0
Rank 19 affinity mask: 76 172 
Rank 19 current logical CPU: 76
Rank 20 running on computenode0
Rank 20 SLURM info: PROCID=20 LOCALID=20 NODEID=0
Rank 20 affinity mask: 5 101 
Rank 20 current logical CPU: 5
Rank 21 running on computenode0
Rank 21 SLURM info: PROCID=21 LOCALID=21 NODEID=0
Rank 21 affinity mask: 29 125 
Rank 21 current logical CPU: 29
Rank 22 running on computenode0
Rank 22 SLURM info: PROCID=22 LOCALID=22 NODEID=0
Rank 22 affinity mask: 53 149 
Rank 22 current logical CPU: 53
Rank 23 running on computenode0
Rank 23 SLURM info: PROCID=23 LOCALID=23 NODEID=0
Rank 23 affinity mask: 77 173 
Rank 23 current logical CPU: 77
Rank 24 running on computenode0
Rank 24 SLURM info: PROCID=24 LOCALID=24 NODEID=0
Rank 24 affinity mask: 6 102 
Rank 24 current logical CPU: 6
Rank 25 running on computenode0
Rank 25 SLURM info: PROCID=25 LOCALID=25 NODEID=0
Rank 25 affinity mask: 30 126 
Rank 25 current logical CPU: 30
Rank 26 running on computenode0
Rank 26 SLURM info: PROCID=26 LOCALID=26 NODEID=0
Rank 26 affinity mask: 54 150 
Rank 26 current logical CPU: 54
Rank 27 running on computenode0
Rank 27 SLURM info: PROCID=27 LOCALID=27 NODEID=0
Rank 27 affinity mask: 78 174 
Rank 27 current logical CPU: 78
Rank 28 running on computenode0
Rank 28 SLURM info: PROCID=28 LOCALID=28 NODEID=0
Rank 28 affinity mask: 7 103 
Rank 28 current logical CPU: 7
Rank 29 running on computenode0
Rank 29 SLURM info: PROCID=29 LOCALID=29 NODEID=0
Rank 29 affinity mask: 31 127 
Rank 29 current logical CPU: 31
Rank 30 running on computenode0
Rank 30 SLURM info: PROCID=30 LOCALID=30 NODEID=0
Rank 30 affinity mask: 55 151 
Rank 30 current logical CPU: 151
Rank 31 running on computenode0
Rank 31 SLURM info: PROCID=31 LOCALID=31 NODEID=0
Rank 31 affinity mask: 79 175 
Rank 31 current logical CPU: 79
Rank 32 running on computenode0
Rank 32 SLURM info: PROCID=32 LOCALID=32 NODEID=0
Rank 32 affinity mask: 8 104 
Rank 32 current logical CPU: 8
Rank 33 running on computenode0
Rank 33 SLURM info: PROCID=33 LOCALID=33 NODEID=0
Rank 33 affinity mask: 32 128 
Rank 33 current logical CPU: 32
Rank 34 running on computenode0
Rank 34 SLURM info: PROCID=34 LOCALID=34 NODEID=0
Rank 34 affinity mask: 56 152 
Rank 34 current logical CPU: 56
Rank 35 running on computenode0
Rank 35 SLURM info: PROCID=35 LOCALID=35 NODEID=0
Rank 35 affinity mask: 80 176 
Rank 35 current logical CPU: 80
Rank 36 running on computenode0
Rank 36 SLURM info: PROCID=36 LOCALID=36 NODEID=0
Rank 36 affinity mask: 9 105 
Rank 36 current logical CPU: 9
Rank 37 running on computenode0
Rank 37 SLURM info: PROCID=37 LOCALID=37 NODEID=0
Rank 37 affinity mask: 33 129 
Rank 37 current logical CPU: 33
Rank 38 running on computenode0
Rank 38 SLURM info: PROCID=38 LOCALID=38 NODEID=0
Rank 38 affinity mask: 57 153 
Rank 38 current logical CPU: 153
Rank 39 running on computenode0
Rank 39 SLURM info: PROCID=39 LOCALID=39 NODEID=0
Rank 39 affinity mask: 81 177 
Rank 39 current logical CPU: 81
Rank 40 running on computenode0
Rank 40 SLURM info: PROCID=40 LOCALID=40 NODEID=0
Rank 40 affinity mask: 10 106 
Rank 40 current logical CPU: 10
Rank 41 running on computenode0
Rank 41 SLURM info: PROCID=41 LOCALID=41 NODEID=0
Rank 41 affinity mask: 34 130 
Rank 41 current logical CPU: 34
Rank 42 running on computenode0
Rank 42 SLURM info: PROCID=42 LOCALID=42 NODEID=0
Rank 42 affinity mask: 58 154 
Rank 42 current logical CPU: 58
Rank 43 running on computenode0
Rank 43 SLURM info: PROCID=43 LOCALID=43 NODEID=0
Rank 43 affinity mask: 82 178 
Rank 43 current logical CPU: 82
Rank 44 running on computenode0
Rank 44 SLURM info: PROCID=44 LOCALID=44 NODEID=0
Rank 44 affinity mask: 11 107 
Rank 44 current logical CPU: 11
Rank 45 running on computenode0
Rank 45 SLURM info: PROCID=45 LOCALID=45 NODEID=0
Rank 45 affinity mask: 35 131 
Rank 45 current logical CPU: 131
Rank 46 running on computenode0
Rank 46 SLURM info: PROCID=46 LOCALID=46 NODEID=0
Rank 46 affinity mask: 59 155 
Rank 46 current logical CPU: 59
Rank 47 running on computenode0
Rank 47 SLURM info: PROCID=47 LOCALID=47 NODEID=0
Rank 47 affinity mask: 83 179 
Rank 47 current logical CPU: 83
Rank 48 running on computenode0
Rank 48 SLURM info: PROCID=48 LOCALID=48 NODEID=0
Rank 48 affinity mask: 12 108 
Rank 48 current logical CPU: 12
Rank 49 running on computenode0
Rank 49 SLURM info: PROCID=49 LOCALID=49 NODEID=0
Rank 49 affinity mask: 36 132 
Rank 49 current logical CPU: 132
Rank 50 running on computenode0
Rank 50 SLURM info: PROCID=50 LOCALID=50 NODEID=0
Rank 50 affinity mask: 60 156 
Rank 50 current logical CPU: 156
Rank 51 running on computenode0
Rank 51 SLURM info: PROCID=51 LOCALID=51 NODEID=0
Rank 51 affinity mask: 84 180 
Rank 51 current logical CPU: 84
Rank 52 running on computenode0
Rank 52 SLURM info: PROCID=52 LOCALID=52 NODEID=0
Rank 52 affinity mask: 13 109 
Rank 52 current logical CPU: 109
Rank 53 running on computenode0
Rank 53 SLURM info: PROCID=53 LOCALID=53 NODEID=0
Rank 53 affinity mask: 37 133 
Rank 53 current logical CPU: 133
Rank 54 running on computenode0
Rank 54 SLURM info: PROCID=54 LOCALID=54 NODEID=0
Rank 54 affinity mask: 61 157 
Rank 54 current logical CPU: 61
Rank 55 running on computenode0
Rank 55 SLURM info: PROCID=55 LOCALID=55 NODEID=0
Rank 55 affinity mask: 85 181 
Rank 55 current logical CPU: 85
Rank 56 running on computenode0
Rank 56 SLURM info: PROCID=56 LOCALID=56 NODEID=0
Rank 56 affinity mask: 14 110 
Rank 56 current logical CPU: 14
Rank 57 running on computenode0
Rank 57 SLURM info: PROCID=57 LOCALID=57 NODEID=0
Rank 57 affinity mask: 38 134 
Rank 57 current logical CPU: 134
Rank 58 running on computenode0
Rank 58 SLURM info: PROCID=58 LOCALID=58 NODEID=0
Rank 58 affinity mask: 62 158 
Rank 58 current logical CPU: 62
Rank 59 running on computenode0
Rank 59 SLURM info: PROCID=59 LOCALID=59 NODEID=0
Rank 59 affinity mask: 86 182 
Rank 59 current logical CPU: 86
Rank 60 running on computenode0
Rank 60 SLURM info: PROCID=60 LOCALID=60 NODEID=0
Rank 60 affinity mask: 15 111 
Rank 60 current logical CPU: 15
Rank 61 running on computenode0
Rank 61 SLURM info: PROCID=61 LOCALID=61 NODEID=0
Rank 61 affinity mask: 39 135 
Rank 61 current logical CPU: 135
Rank 62 running on computenode0
Rank 62 SLURM info: PROCID=62 LOCALID=62 NODEID=0
Rank 62 affinity mask: 63 159 
Rank 62 current logical CPU: 63
Rank 63 running on computenode0
Rank 63 SLURM info: PROCID=63 LOCALID=63 NODEID=0
Rank 63 affinity mask: 87 183 
Rank 63 current logical CPU: 87
Rank 64 running on computenode0
Rank 64 SLURM info: PROCID=64 LOCALID=64 NODEID=0
Rank 64 affinity mask: 16 112 
Rank 64 current logical CPU: 16
Rank 65 running on computenode0
Rank 65 SLURM info: PROCID=65 LOCALID=65 NODEID=0
Rank 65 affinity mask: 40 136 
Rank 65 current logical CPU: 40
Rank 66 running on computenode0
Rank 66 SLURM info: PROCID=66 LOCALID=66 NODEID=0
Rank 66 affinity mask: 64 160 
Rank 66 current logical CPU: 64
Rank 67 running on computenode0
Rank 67 SLURM info: PROCID=67 LOCALID=67 NODEID=0
Rank 67 affinity mask: 88 184 
Rank 67 current logical CPU: 88
Rank 68 running on computenode0
Rank 68 SLURM info: PROCID=68 LOCALID=68 NODEID=0
Rank 68 affinity mask: 17 113 
Rank 68 current logical CPU: 17
Rank 69 running on computenode0
Rank 69 SLURM info: PROCID=69 LOCALID=69 NODEID=0
Rank 69 affinity mask: 41 137 
Rank 69 current logical CPU: 137
Rank 70 running on computenode0
Rank 70 SLURM info: PROCID=70 LOCALID=70 NODEID=0
Rank 70 affinity mask: 65 161 
Rank 70 current logical CPU: 65
Rank 71 running on computenode0
Rank 71 SLURM info: PROCID=71 LOCALID=71 NODEID=0
Rank 71 affinity mask: 89 185 
Rank 71 current logical CPU: 89
Rank 72 running on computenode0
Rank 72 SLURM info: PROCID=72 LOCALID=72 NODEID=0
Rank 72 affinity mask: 18 114 
Rank 72 current logical CPU: 18
Rank 73 running on computenode0
Rank 73 SLURM info: PROCID=73 LOCALID=73 NODEID=0
Rank 73 affinity mask: 42 138 
Rank 73 current logical CPU: 42
Rank 74 running on computenode0
Rank 74 SLURM info: PROCID=74 LOCALID=74 NODEID=0
Rank 74 affinity mask: 66 162 
Rank 74 current logical CPU: 66
Rank 75 running on computenode0
Rank 75 SLURM info: PROCID=75 LOCALID=75 NODEID=0
Rank 75 affinity mask: 90 186 
Rank 75 current logical CPU: 90
Rank 76 running on computenode0
Rank 76 SLURM info: PROCID=76 LOCALID=76 NODEID=0
Rank 76 affinity mask: 19 115 
Rank 76 current logical CPU: 19
Rank 77 running on computenode0
Rank 77 SLURM info: PROCID=77 LOCALID=77 NODEID=0
Rank 77 affinity mask: 43 139 
Rank 77 current logical CPU: 43
Rank 78 running on computenode0
Rank 78 SLURM info: PROCID=78 LOCALID=78 NODEID=0
Rank 78 affinity mask: 67 163 
Rank 78 current logical CPU: 67
Rank 79 running on computenode0
Rank 79 SLURM info: PROCID=79 LOCALID=79 NODEID=0
Rank 79 affinity mask: 91 187 
Rank 79 current logical CPU: 91
Rank 80 running on computenode0
Rank 80 SLURM info: PROCID=80 LOCALID=80 NODEID=0
Rank 80 affinity mask: 20 116 
Rank 80 current logical CPU: 20
Rank 81 running on computenode0
Rank 81 SLURM info: PROCID=81 LOCALID=81 NODEID=0
Rank 81 affinity mask: 44 140 
Rank 81 current logical CPU: 44
Rank 82 running on computenode0
Rank 82 SLURM info: PROCID=82 LOCALID=82 NODEID=0
Rank 82 affinity mask: 68 164 
Rank 82 current logical CPU: 68
Rank 83 running on computenode0
Rank 83 SLURM info: PROCID=83 LOCALID=83 NODEID=0
Rank 83 affinity mask: 92 188 
Rank 83 current logical CPU: 92
Rank 84 running on computenode0
Rank 84 SLURM info: PROCID=84 LOCALID=84 NODEID=0
Rank 84 affinity mask: 21 117 
Rank 84 current logical CPU: 21
Rank 85 running on computenode0
Rank 85 SLURM info: PROCID=85 LOCALID=85 NODEID=0
Rank 85 affinity mask: 45 141 
Rank 85 current logical CPU: 45
Rank 86 running on computenode0
Rank 86 SLURM info: PROCID=86 LOCALID=86 NODEID=0
Rank 86 affinity mask: 69 165 
Rank 86 current logical CPU: 69
Rank 87 running on computenode0
Rank 87 SLURM info: PROCID=87 LOCALID=87 NODEID=0
Rank 87 affinity mask: 93 189 
Rank 87 current logical CPU: 93
Rank 88 running on computenode0
Rank 88 SLURM info: PROCID=88 LOCALID=88 NODEID=0
Rank 88 affinity mask: 22 118 
Rank 88 current logical CPU: 22
Rank 89 running on computenode0
Rank 89 SLURM info: PROCID=89 LOCALID=89 NODEID=0
Rank 89 affinity mask: 46 142 
Rank 89 current logical CPU: 46
Rank 90 running on computenode0
Rank 90 SLURM info: PROCID=90 LOCALID=90 NODEID=0
Rank 90 affinity mask: 70 166 
Rank 90 current logical CPU: 70
Rank 91 running on computenode0
Rank 91 SLURM info: PROCID=91 LOCALID=91 NODEID=0
Rank 91 affinity mask: 94 190 
Rank 91 current logical CPU: 94
Rank 92 running on computenode0
Rank 92 SLURM info: PROCID=92 LOCALID=92 NODEID=0
Rank 92 affinity mask: 23 119 
Rank 92 current logical CPU: 23
Rank 93 running on computenode0
Rank 93 SLURM info: PROCID=93 LOCALID=93 NODEID=0
Rank 93 affinity mask: 47 143 
Rank 93 current logical CPU: 47
Rank 94 running on computenode0
Rank 94 SLURM info: PROCID=94 LOCALID=94 NODEID=0
Rank 94 affinity mask: 71 167 
Rank 94 current logical CPU: 71
Rank 95 running on computenode0
Rank 95 SLURM info: PROCID=95 LOCALID=95 NODEID=0
Rank 95 affinity mask: 95 191 
Rank 95 current logical CPU: 95

# MPI Broadcast Benchmark
#
# Configuration
#   MPI ranks        : 96
#   Max message size : 16777216 bytes
#   Warmup iterations: 20
#   Small iterations : 1000
#   Large iterations : 100
#   MPI_Wtick        : 1.000000000e-09 seconds
#
# Metrics
#   Broadcast        : average per-iteration time of the slowest MPI rank
#   EffectiveBW      : aggregate data volume delivered to non-root ranks per unit time
#
# Size(Bytes)	Broadcast(us)	EffectiveBW(MiB/s)
       1 bytes      2.63 us     34.47 MiB/s
       2 bytes      2.50 us     72.56 MiB/s
       4 bytes      2.96 us    122.49 MiB/s
       8 bytes      2.59 us    280.13 MiB/s
      16 bytes      2.54 us    571.14 MiB/s
      32 bytes      2.60 us   1116.17 MiB/s
      64 bytes      2.62 us   2209.71 MiB/s
     128 bytes      2.77 us   4191.79 MiB/s
     256 bytes      2.99 us   7768.40 MiB/s
     512 bytes      6.64 us   6983.68 MiB/s
    1024 bytes     30.82 us   3010.51 MiB/s
    2048 bytes     39.43 us   4705.71 MiB/s
    4096 bytes     57.48 us   6455.70 MiB/s
    8192 bytes     65.74 us  11290.36 MiB/s
   16384 bytes    109.68 us  13533.10 MiB/s
   32768 bytes    210.42 us  14108.90 MiB/s
   65536 bytes    543.33 us  10927.94 MiB/s
  131072 bytes   1109.89 us  10699.27 MiB/s
  262144 bytes   2355.49 us  10082.81 MiB/s
  524288 bytes   4235.03 us  11215.97 MiB/s
 1048576 bytes   8116.09 us  11705.15 MiB/s
 2097152 bytes  11983.12 us  15855.64 MiB/s
 4194304 bytes  15250.71 us  24916.88 MiB/s
 8388608 bytes  21971.95 us  34589.56 MiB/s
16777216 bytes  35245.67 us  43125.87 MiB/s
  Verification data:
    rank 0 : checksum=  2852126720  expected=  2852126720
    rank 1 : checksum=  2852126720  expected=  2852126720
    rank 2 : checksum=  2852126720  expected=  2852126720
    rank 3 : checksum=  2852126720  expected=  2852126720
    rank 4 : checksum=  2852126720  expected=  2852126720
    rank 5 : checksum=  2852126720  expected=  2852126720
    rank 6 : checksum=  2852126720  expected=  2852126720
    rank 7 : checksum=  2852126720  expected=  2852126720
    rank 8 : checksum=  2852126720  expected=  2852126720
    rank 9 : checksum=  2852126720  expected=  2852126720
    rank 10 : checksum=  2852126720  expected=  2852126720
    rank 11 : checksum=  2852126720  expected=  2852126720
    rank 12 : checksum=  2852126720  expected=  2852126720
    rank 13 : checksum=  2852126720  expected=  2852126720
    rank 14 : checksum=  2852126720  expected=  2852126720
    rank 15 : checksum=  2852126720  expected=  2852126720
    rank 16 : checksum=  2852126720  expected=  2852126720
    rank 17 : checksum=  2852126720  expected=  2852126720
    rank 18 : checksum=  2852126720  expected=  2852126720
    rank 19 : checksum=  2852126720  expected=  2852126720
    rank 20 : checksum=  2852126720  expected=  2852126720
    rank 21 : checksum=  2852126720  expected=  2852126720
    rank 22 : checksum=  2852126720  expected=  2852126720
    rank 23 : checksum=  2852126720  expected=  2852126720
    rank 24 : checksum=  2852126720  expected=  2852126720
    rank 25 : checksum=  2852126720  expected=  2852126720
    rank 26 : checksum=  2852126720  expected=  2852126720
    rank 27 : checksum=  2852126720  expected=  2852126720
    rank 28 : checksum=  2852126720  expected=  2852126720
    rank 29 : checksum=  2852126720  expected=  2852126720
    rank 30 : checksum=  2852126720  expected=  2852126720
    rank 31 : checksum=  2852126720  expected=  2852126720
    rank 32 : checksum=  2852126720  expected=  2852126720
    rank 33 : checksum=  2852126720  expected=  2852126720
    rank 34 : checksum=  2852126720  expected=  2852126720
    rank 35 : checksum=  2852126720  expected=  2852126720
    rank 36 : checksum=  2852126720  expected=  2852126720
    rank 37 : checksum=  2852126720  expected=  2852126720
    rank 38 : checksum=  2852126720  expected=  2852126720
    rank 39 : checksum=  2852126720  expected=  2852126720
    rank 40 : checksum=  2852126720  expected=  2852126720
    rank 41 : checksum=  2852126720  expected=  2852126720
    rank 42 : checksum=  2852126720  expected=  2852126720
    rank 43 : checksum=  2852126720  expected=  2852126720
    rank 44 : checksum=  2852126720  expected=  2852126720
    rank 45 : checksum=  2852126720  expected=  2852126720
    rank 46 : checksum=  2852126720  expected=  2852126720
    rank 47 : checksum=  2852126720  expected=  2852126720
    rank 48 : checksum=  2852126720  expected=  2852126720
    rank 49 : checksum=  2852126720  expected=  2852126720
    rank 50 : checksum=  2852126720  expected=  2852126720
    rank 51 : checksum=  2852126720  expected=  2852126720
    rank 52 : checksum=  2852126720  expected=  2852126720
    rank 53 : checksum=  2852126720  expected=  2852126720
    rank 54 : checksum=  2852126720  expected=  2852126720
    rank 55 : checksum=  2852126720  expected=  2852126720
    rank 56 : checksum=  2852126720  expected=  2852126720
    rank 57 : checksum=  2852126720  expected=  2852126720
    rank 58 : checksum=  2852126720  expected=  2852126720
    rank 59 : checksum=  2852126720  expected=  2852126720
    rank 60 : checksum=  2852126720  expected=  2852126720
    rank 61 : checksum=  2852126720  expected=  2852126720
    rank 62 : checksum=  2852126720  expected=  2852126720
    rank 63 : checksum=  2852126720  expected=  2852126720
    rank 64 : checksum=  2852126720  expected=  2852126720
    rank 65 : checksum=  2852126720  expected=  2852126720
    rank 66 : checksum=  2852126720  expected=  2852126720
    rank 67 : checksum=  2852126720  expected=  2852126720
    rank 68 : checksum=  2852126720  expected=  2852126720
    rank 69 : checksum=  2852126720  expected=  2852126720
    rank 70 : checksum=  2852126720  expected=  2852126720
    rank 71 : checksum=  2852126720  expected=  2852126720
    rank 72 : checksum=  2852126720  expected=  2852126720
    rank 73 : checksum=  2852126720  expected=  2852126720
    rank 74 : checksum=  2852126720  expected=  2852126720
    rank 75 : checksum=  2852126720  expected=  2852126720
    rank 76 : checksum=  2852126720  expected=  2852126720
    rank 77 : checksum=  2852126720  expected=  2852126720
    rank 78 : checksum=  2852126720  expected=  2852126720
    rank 79 : checksum=  2852126720  expected=  2852126720
    rank 80 : checksum=  2852126720  expected=  2852126720
    rank 81 : checksum=  2852126720  expected=  2852126720
    rank 82 : checksum=  2852126720  expected=  2852126720
    rank 83 : checksum=  2852126720  expected=  2852126720
    rank 84 : checksum=  2852126720  expected=  2852126720
    rank 85 : checksum=  2852126720  expected=  2852126720
    rank 86 : checksum=  2852126720  expected=  2852126720
    rank 87 : checksum=  2852126720  expected=  2852126720
    rank 88 : checksum=  2852126720  expected=  2852126720
    rank 89 : checksum=  2852126720  expected=  2852126720
    rank 90 : checksum=  2852126720  expected=  2852126720
    rank 91 : checksum=  2852126720  expected=  2852126720
    rank 92 : checksum=  2852126720  expected=  2852126720
    rank 93 : checksum=  2852126720  expected=  2852126720
    rank 94 : checksum=  2852126720  expected=  2852126720
    rank 95 : checksum=  2852126720  expected=  2852126720

==============================
 3) SOCKET binding
==============================
Rank 0 running on computenode0
Rank 0 SLURM info: PROCID=0 LOCALID=0 NODEID=0
Rank 0 affinity mask: 0 1 2 3 4 5 6 7 8 9 10 11 12 13 14 15 16 17 18 19 20 21 22 23 96 97 98 99 100 101 102 103 104 105 106 107 108 109 110 111 112 113 114 115 116 117 118 119 
Rank 0 current logical CPU: 16
Rank 1 running on computenode0
Rank 1 SLURM info: PROCID=1 LOCALID=1 NODEID=0
Rank 1 affinity mask: 24 25 26 27 28 29 30 31 32 33 34 35 36 37 38 39 40 41 42 43 44 45 46 47 120 121 122 123 124 125 126 127 128 129 130 131 132 133 134 135 136 137 138 139 140 141 142 143 
Rank 1 current logical CPU: 133
Rank 2 running on computenode0
Rank 2 SLURM info: PROCID=2 LOCALID=2 NODEID=0
Rank 2 affinity mask: 48 49 50 51 52 53 54 55 56 57 58 59 60 61 62 63 64 65 66 67 68 69 70 71 144 145 146 147 148 149 150 151 152 153 154 155 156 157 158 159 160 161 162 163 164 165 166 167 
Rank 2 current logical CPU: 52
Rank 3 running on computenode0
Rank 3 SLURM info: PROCID=3 LOCALID=3 NODEID=0
Rank 3 affinity mask: 72 73 74 75 76 77 78 79 80 81 82 83 84 85 86 87 88 89 90 91 92 93 94 95 168 169 170 171 172 173 174 175 176 177 178 179 180 181 182 183 184 185 186 187 188 189 190 191 
Rank 3 current logical CPU: 86
Rank 4 running on computenode0
Rank 4 SLURM info: PROCID=4 LOCALID=4 NODEID=0
Rank 4 affinity mask: 0 1 2 3 4 5 6 7 8 9 10 11 12 13 14 15 16 17 18 19 20 21 22 23 96 97 98 99 100 101 102 103 104 105 106 107 108 109 110 111 112 113 114 115 116 117 118 119 
Rank 4 current logical CPU: 14
Rank 5 running on computenode0
Rank 5 SLURM info: PROCID=5 LOCALID=5 NODEID=0
Rank 5 affinity mask: 24 25 26 27 28 29 30 31 32 33 34 35 36 37 38 39 40 41 42 43 44 45 46 47 120 121 122 123 124 125 126 127 128 129 130 131 132 133 134 135 136 137 138 139 140 141 142 143 
Rank 5 current logical CPU: 137
Rank 6 running on computenode0
Rank 6 SLURM info: PROCID=6 LOCALID=6 NODEID=0
Rank 6 affinity mask: 48 49 50 51 52 53 54 55 56 57 58 59 60 61 62 63 64 65 66 67 68 69 70 71 144 145 146 147 148 149 150 151 152 153 154 155 156 157 158 159 160 161 162 163 164 165 166 167 
Rank 6 current logical CPU: 62
Rank 7 running on computenode0
Rank 7 SLURM info: PROCID=7 LOCALID=7 NODEID=0
Rank 7 affinity mask: 72 73 74 75 76 77 78 79 80 81 82 83 84 85 86 87 88 89 90 91 92 93 94 95 168 169 170 171 172 173 174 175 176 177 178 179 180 181 182 183 184 185 186 187 188 189 190 191 
Rank 7 current logical CPU: 91
Rank 8 running on computenode0
Rank 8 SLURM info: PROCID=8 LOCALID=8 NODEID=0
Rank 8 affinity mask: 0 1 2 3 4 5 6 7 8 9 10 11 12 13 14 15 16 17 18 19 20 21 22 23 96 97 98 99 100 101 102 103 104 105 106 107 108 109 110 111 112 113 114 115 116 117 118 119 
Rank 8 current logical CPU: 106
Rank 9 running on computenode0
Rank 9 SLURM info: PROCID=9 LOCALID=9 NODEID=0
Rank 9 affinity mask: 24 25 26 27 28 29 30 31 32 33 34 35 36 37 38 39 40 41 42 43 44 45 46 47 120 121 122 123 124 125 126 127 128 129 130 131 132 133 134 135 136 137 138 139 140 141 142 143 
Rank 9 current logical CPU: 130
Rank 10 running on computenode0
Rank 10 SLURM info: PROCID=10 LOCALID=10 NODEID=0
Rank 10 affinity mask: 48 49 50 51 52 53 54 55 56 57 58 59 60 61 62 63 64 65 66 67 68 69 70 71 144 145 146 147 148 149 150 151 152 153 154 155 156 157 158 159 160 161 162 163 164 165 166 167 
Rank 10 current logical CPU: 49
Rank 11 running on computenode0
Rank 11 SLURM info: PROCID=11 LOCALID=11 NODEID=0
Rank 11 affinity mask: 72 73 74 75 76 77 78 79 80 81 82 83 84 85 86 87 88 89 90 91 92 93 94 95 168 169 170 171 172 173 174 175 176 177 178 179 180 181 182 183 184 185 186 187 188 189 190 191 
Rank 11 current logical CPU: 190
Rank 12 running on computenode0
Rank 12 SLURM info: PROCID=12 LOCALID=12 NODEID=0
Rank 12 affinity mask: 0 1 2 3 4 5 6 7 8 9 10 11 12 13 14 15 16 17 18 19 20 21 22 23 96 97 98 99 100 101 102 103 104 105 106 107 108 109 110 111 112 113 114 115 116 117 118 119 
Rank 12 current logical CPU: 104
Rank 13 running on computenode0
Rank 13 SLURM info: PROCID=13 LOCALID=13 NODEID=0
Rank 13 affinity mask: 24 25 26 27 28 29 30 31 32 33 34 35 36 37 38 39 40 41 42 43 44 45 46 47 120 121 122 123 124 125 126 127 128 129 130 131 132 133 134 135 136 137 138 139 140 141 142 143 
Rank 13 current logical CPU: 28
Rank 14 running on computenode0
Rank 14 SLURM info: PROCID=14 LOCALID=14 NODEID=0
Rank 14 affinity mask: 48 49 50 51 52 53 54 55 56 57 58 59 60 61 62 63 64 65 66 67 68 69 70 71 144 145 146 147 148 149 150 151 152 153 154 155 156 157 158 159 160 161 162 163 164 165 166 167 
Rank 14 current logical CPU: 166
Rank 15 running on computenode0
Rank 15 SLURM info: PROCID=15 LOCALID=15 NODEID=0
Rank 15 affinity mask: 72 73 74 75 76 77 78 79 80 81 82 83 84 85 86 87 88 89 90 91 92 93 94 95 168 169 170 171 172 173 174 175 176 177 178 179 180 181 182 183 184 185 186 187 188 189 190 191 
Rank 15 current logical CPU: 174
Rank 16 running on computenode0
Rank 16 SLURM info: PROCID=16 LOCALID=16 NODEID=0
Rank 16 affinity mask: 0 1 2 3 4 5 6 7 8 9 10 11 12 13 14 15 16 17 18 19 20 21 22 23 96 97 98 99 100 101 102 103 104 105 106 107 108 109 110 111 112 113 114 115 116 117 118 119 
Rank 16 current logical CPU: 6
Rank 17 running on computenode0
Rank 17 SLURM info: PROCID=17 LOCALID=17 NODEID=0
Rank 17 affinity mask: 24 25 26 27 28 29 30 31 32 33 34 35 36 37 38 39 40 41 42 43 44 45 46 47 120 121 122 123 124 125 126 127 128 129 130 131 132 133 134 135 136 137 138 139 140 141 142 143 
Rank 17 current logical CPU: 33
Rank 18 running on computenode0
Rank 18 SLURM info: PROCID=18 LOCALID=18 NODEID=0
Rank 18 affinity mask: 48 49 50 51 52 53 54 55 56 57 58 59 60 61 62 63 64 65 66 67 68 69 70 71 144 145 146 147 148 149 150 151 152 153 154 155 156 157 158 159 160 161 162 163 164 165 166 167 
Rank 18 current logical CPU: 67
Rank 19 running on computenode0
Rank 19 SLURM info: PROCID=19 LOCALID=19 NODEID=0
Rank 19 affinity mask: 72 73 74 75 76 77 78 79 80 81 82 83 84 85 86 87 88 89 90 91 92 93 94 95 168 169 170 171 172 173 174 175 176 177 178 179 180 181 182 183 184 185 186 187 188 189 190 191 
Rank 19 current logical CPU: 79
Rank 20 running on computenode0
Rank 20 SLURM info: PROCID=20 LOCALID=20 NODEID=0
Rank 20 affinity mask: 0 1 2 3 4 5 6 7 8 9 10 11 12 13 14 15 16 17 18 19 20 21 22 23 96 97 98 99 100 101 102 103 104 105 106 107 108 109 110 111 112 113 114 115 116 117 118 119 
Rank 20 current logical CPU: 96
Rank 21 running on computenode0
Rank 21 SLURM info: PROCID=21 LOCALID=21 NODEID=0
Rank 21 affinity mask: 24 25 26 27 28 29 30 31 32 33 34 35 36 37 38 39 40 41 42 43 44 45 46 47 120 121 122 123 124 125 126 127 128 129 130 131 132 133 134 135 136 137 138 139 140 141 142 143 
Rank 21 current logical CPU: 127
Rank 22 running on computenode0
Rank 22 SLURM info: PROCID=22 LOCALID=22 NODEID=0
Rank 22 affinity mask: 48 49 50 51 52 53 54 55 56 57 58 59 60 61 62 63 64 65 66 67 68 69 70 71 144 145 146 147 148 149 150 151 152 153 154 155 156 157 158 159 160 161 162 163 164 165 166 167 
Rank 22 current logical CPU: 159
Rank 23 running on computenode0
Rank 23 SLURM info: PROCID=23 LOCALID=23 NODEID=0
Rank 23 affinity mask: 72 73 74 75 76 77 78 79 80 81 82 83 84 85 86 87 88 89 90 91 92 93 94 95 168 169 170 171 172 173 174 175 176 177 178 179 180 181 182 183 184 185 186 187 188 189 190 191 
Rank 23 current logical CPU: 88
Rank 24 running on computenode0
Rank 24 SLURM info: PROCID=24 LOCALID=24 NODEID=0
Rank 24 affinity mask: 0 1 2 3 4 5 6 7 8 9 10 11 12 13 14 15 16 17 18 19 20 21 22 23 96 97 98 99 100 101 102 103 104 105 106 107 108 109 110 111 112 113 114 115 116 117 118 119 
Rank 24 current logical CPU: 9
Rank 25 running on computenode0
Rank 25 SLURM info: PROCID=25 LOCALID=25 NODEID=0
Rank 25 affinity mask: 24 25 26 27 28 29 30 31 32 33 34 35 36 37 38 39 40 41 42 43 44 45 46 47 120 121 122 123 124 125 126 127 128 129 130 131 132 133 134 135 136 137 138 139 140 141 142 143 
Rank 25 current logical CPU: 142
Rank 26 running on computenode0
Rank 26 SLURM info: PROCID=26 LOCALID=26 NODEID=0
Rank 26 affinity mask: 48 49 50 51 52 53 54 55 56 57 58 59 60 61 62 63 64 65 66 67 68 69 70 71 144 145 146 147 148 149 150 151 152 153 154 155 156 157 158 159 160 161 162 163 164 165 166 167 
Rank 26 current logical CPU: 57
Rank 27 running on computenode0
Rank 27 SLURM info: PROCID=27 LOCALID=27 NODEID=0
Rank 27 affinity mask: 72 73 74 75 76 77 78 79 80 81 82 83 84 85 86 87 88 89 90 91 92 93 94 95 168 169 170 171 172 173 174 175 176 177 178 179 180 181 182 183 184 185 186 187 188 189 190 191 
Rank 27 current logical CPU: 179
Rank 28 running on computenode0
Rank 28 SLURM info: PROCID=28 LOCALID=28 NODEID=0
Rank 28 affinity mask: 0 1 2 3 4 5 6 7 8 9 10 11 12 13 14 15 16 17 18 19 20 21 22 23 96 97 98 99 100 101 102 103 104 105 106 107 108 109 110 111 112 113 114 115 116 117 118 119 
Rank 28 current logical CPU: 17
Rank 29 running on computenode0
Rank 29 SLURM info: PROCID=29 LOCALID=29 NODEID=0
Rank 29 affinity mask: 24 25 26 27 28 29 30 31 32 33 34 35 36 37 38 39 40 41 42 43 44 45 46 47 120 121 122 123 124 125 126 127 128 129 130 131 132 133 134 135 136 137 138 139 140 141 142 143 
Rank 29 current logical CPU: 135
Rank 30 running on computenode0
Rank 30 SLURM info: PROCID=30 LOCALID=30 NODEID=0
Rank 30 affinity mask: 48 49 50 51 52 53 54 55 56 57 58 59 60 61 62 63 64 65 66 67 68 69 70 71 144 145 146 147 148 149 150 151 152 153 154 155 156 157 158 159 160 161 162 163 164 165 166 167 
Rank 30 current logical CPU: 61
Rank 31 running on computenode0
Rank 31 SLURM info: PROCID=31 LOCALID=31 NODEID=0
Rank 31 affinity mask: 72 73 74 75 76 77 78 79 80 81 82 83 84 85 86 87 88 89 90 91 92 93 94 95 168 169 170 171 172 173 174 175 176 177 178 179 180 181 182 183 184 185 186 187 188 189 190 191 
Rank 31 current logical CPU: 183
Rank 32 running on computenode0
Rank 32 SLURM info: PROCID=32 LOCALID=32 NODEID=0
Rank 32 affinity mask: 0 1 2 3 4 5 6 7 8 9 10 11 12 13 14 15 16 17 18 19 20 21 22 23 96 97 98 99 100 101 102 103 104 105 106 107 108 109 110 111 112 113 114 115 116 117 118 119 
Rank 32 current logical CPU: 23
Rank 33 running on computenode0
Rank 33 SLURM info: PROCID=33 LOCALID=33 NODEID=0
Rank 33 affinity mask: 24 25 26 27 28 29 30 31 32 33 34 35 36 37 38 39 40 41 42 43 44 45 46 47 120 121 122 123 124 125 126 127 128 129 130 131 132 133 134 135 136 137 138 139 140 141 142 143 
Rank 33 current logical CPU: 40
Rank 34 running on computenode0
Rank 34 SLURM info: PROCID=34 LOCALID=34 NODEID=0
Rank 34 affinity mask: 48 49 50 51 52 53 54 55 56 57 58 59 60 61 62 63 64 65 66 67 68 69 70 71 144 145 146 147 148 149 150 151 152 153 154 155 156 157 158 159 160 161 162 163 164 165 166 167 
Rank 34 current logical CPU: 162
Rank 35 running on computenode0
Rank 35 SLURM info: PROCID=35 LOCALID=35 NODEID=0
Rank 35 affinity mask: 72 73 74 75 76 77 78 79 80 81 82 83 84 85 86 87 88 89 90 91 92 93 94 95 168 169 170 171 172 173 174 175 176 177 178 179 180 181 182 183 184 185 186 187 188 189 190 191 
Rank 35 current logical CPU: 85
Rank 36 running on computenode0
Rank 36 SLURM info: PROCID=36 LOCALID=36 NODEID=0
Rank 36 affinity mask: 0 1 2 3 4 5 6 7 8 9 10 11 12 13 14 15 16 17 18 19 20 21 22 23 96 97 98 99 100 101 102 103 104 105 106 107 108 109 110 111 112 113 114 115 116 117 118 119 
Rank 36 current logical CPU: 98
Rank 37 running on computenode0
Rank 37 SLURM info: PROCID=37 LOCALID=37 NODEID=0
Rank 37 affinity mask: 24 25 26 27 28 29 30 31 32 33 34 35 36 37 38 39 40 41 42 43 44 45 46 47 120 121 122 123 124 125 126 127 128 129 130 131 132 133 134 135 136 137 138 139 140 141 142 143 
Rank 37 current logical CPU: 132
Rank 38 running on computenode0
Rank 38 SLURM info: PROCID=38 LOCALID=38 NODEID=0
Rank 38 affinity mask: 48 49 50 51 52 53 54 55 56 57 58 59 60 61 62 63 64 65 66 67 68 69 70 71 144 145 146 147 148 149 150 151 152 153 154 155 156 157 158 159 160 161 162 163 164 165 166 167 
Rank 38 current logical CPU: 53
Rank 39 running on computenode0
Rank 39 SLURM info: PROCID=39 LOCALID=39 NODEID=0
Rank 39 affinity mask: 72 73 74 75 76 77 78 79 80 81 82 83 84 85 86 87 88 89 90 91 92 93 94 95 168 169 170 171 172 173 174 175 176 177 178 179 180 181 182 183 184 185 186 187 188 189 190 191 
Rank 39 current logical CPU: 173
Rank 40 running on computenode0
Rank 40 SLURM info: PROCID=40 LOCALID=40 NODEID=0
Rank 40 affinity mask: 0 1 2 3 4 5 6 7 8 9 10 11 12 13 14 15 16 17 18 19 20 21 22 23 96 97 98 99 100 101 102 103 104 105 106 107 108 109 110 111 112 113 114 115 116 117 118 119 
Rank 40 current logical CPU: 108
Rank 41 running on computenode0
Rank 41 SLURM info: PROCID=41 LOCALID=41 NODEID=0
Rank 41 affinity mask: 24 25 26 27 28 29 30 31 32 33 34 35 36 37 38 39 40 41 42 43 44 45 46 47 120 121 122 123 124 125 126 127 128 129 130 131 132 133 134 135 136 137 138 139 140 141 142 143 
Rank 41 current logical CPU: 47
Rank 42 running on computenode0
Rank 42 SLURM info: PROCID=42 LOCALID=42 NODEID=0
Rank 42 affinity mask: 48 49 50 51 52 53 54 55 56 57 58 59 60 61 62 63 64 65 66 67 68 69 70 71 144 145 146 147 148 149 150 151 152 153 154 155 156 157 158 159 160 161 162 163 164 165 166 167 
Rank 42 current logical CPU: 155
Rank 43 running on computenode0
Rank 43 SLURM info: PROCID=43 LOCALID=43 NODEID=0
Rank 43 affinity mask: 72 73 74 75 76 77 78 79 80 81 82 83 84 85 86 87 88 89 90 91 92 93 94 95 168 169 170 171 172 173 174 175 176 177 178 179 180 181 182 183 184 185 186 187 188 189 190 191 
Rank 43 current logical CPU: 81
Rank 44 running on computenode0
Rank 44 SLURM info: PROCID=44 LOCALID=44 NODEID=0
Rank 44 affinity mask: 0 1 2 3 4 5 6 7 8 9 10 11 12 13 14 15 16 17 18 19 20 21 22 23 96 97 98 99 100 101 102 103 104 105 106 107 108 109 110 111 112 113 114 115 116 117 118 119 
Rank 44 current logical CPU: 110
Rank 45 running on computenode0
Rank 45 SLURM info: PROCID=45 LOCALID=45 NODEID=0
Rank 45 affinity mask: 24 25 26 27 28 29 30 31 32 33 34 35 36 37 38 39 40 41 42 43 44 45 46 47 120 121 122 123 124 125 126 127 128 129 130 131 132 133 134 135 136 137 138 139 140 141 142 143 
Rank 45 current logical CPU: 24
Rank 46 running on computenode0
Rank 46 SLURM info: PROCID=46 LOCALID=46 NODEID=0
Rank 46 affinity mask: 48 49 50 51 52 53 54 55 56 57 58 59 60 61 62 63 64 65 66 67 68 69 70 71 144 145 146 147 148 149 150 151 152 153 154 155 156 157 158 159 160 161 162 163 164 165 166 167 
Rank 46 current logical CPU: 146
Rank 47 running on computenode0
Rank 47 SLURM info: PROCID=47 LOCALID=47 NODEID=0
Rank 47 affinity mask: 72 73 74 75 76 77 78 79 80 81 82 83 84 85 86 87 88 89 90 91 92 93 94 95 168 169 170 171 172 173 174 175 176 177 178 179 180 181 182 183 184 185 186 187 188 189 190 191 
Rank 47 current logical CPU: 191
Rank 48 running on computenode0
Rank 48 SLURM info: PROCID=48 LOCALID=48 NODEID=0
Rank 48 affinity mask: 0 1 2 3 4 5 6 7 8 9 10 11 12 13 14 15 16 17 18 19 20 21 22 23 96 97 98 99 100 101 102 103 104 105 106 107 108 109 110 111 112 113 114 115 116 117 118 119 
Rank 48 current logical CPU: 1
Rank 49 running on computenode0
Rank 49 SLURM info: PROCID=49 LOCALID=49 NODEID=0
Rank 49 affinity mask: 24 25 26 27 28 29 30 31 32 33 34 35 36 37 38 39 40 41 42 43 44 45 46 47 120 121 122 123 124 125 126 127 128 129 130 131 132 133 134 135 136 137 138 139 140 141 142 143 
Rank 49 current logical CPU: 38
Rank 50 running on computenode0
Rank 50 SLURM info: PROCID=50 LOCALID=50 NODEID=0
Rank 50 affinity mask: 48 49 50 51 52 53 54 55 56 57 58 59 60 61 62 63 64 65 66 67 68 69 70 71 144 145 146 147 148 149 150 151 152 153 154 155 156 157 158 159 160 161 162 163 164 165 166 167 
Rank 50 current logical CPU: 154
Rank 51 running on computenode0
Rank 51 SLURM info: PROCID=51 LOCALID=51 NODEID=0
Rank 51 affinity mask: 72 73 74 75 76 77 78 79 80 81 82 83 84 85 86 87 88 89 90 91 92 93 94 95 168 169 170 171 172 173 174 175 176 177 178 179 180 181 182 183 184 185 186 187 188 189 190 191 
Rank 51 current logical CPU: 93
Rank 52 running on computenode0
Rank 52 SLURM info: PROCID=52 LOCALID=52 NODEID=0
Rank 52 affinity mask: 0 1 2 3 4 5 6 7 8 9 10 11 12 13 14 15 16 17 18 19 20 21 22 23 96 97 98 99 100 101 102 103 104 105 106 107 108 109 110 111 112 113 114 115 116 117 118 119 
Rank 52 current logical CPU: 100
Rank 53 running on computenode0
Rank 53 SLURM info: PROCID=53 LOCALID=53 NODEID=0
Rank 53 affinity mask: 24 25 26 27 28 29 30 31 32 33 34 35 36 37 38 39 40 41 42 43 44 45 46 47 120 121 122 123 124 125 126 127 128 129 130 131 132 133 134 135 136 137 138 139 140 141 142 143 
Rank 53 current logical CPU: 138
Rank 54 running on computenode0
Rank 54 SLURM info: PROCID=54 LOCALID=54 NODEID=0
Rank 54 affinity mask: 48 49 50 51 52 53 54 55 56 57 58 59 60 61 62 63 64 65 66 67 68 69 70 71 144 145 146 147 148 149 150 151 152 153 154 155 156 157 158 159 160 161 162 163 164 165 166 167 
Rank 54 current logical CPU: 147
Rank 55 running on computenode0
Rank 55 SLURM info: PROCID=55 LOCALID=55 NODEID=0
Rank 55 affinity mask: 72 73 74 75 76 77 78 79 80 81 82 83 84 85 86 87 88 89 90 91 92 93 94 95 168 169 170 171 172 173 174 175 176 177 178 179 180 181 182 183 184 185 186 187 188 189 190 191 
Rank 55 current logical CPU: 180
Rank 56 running on computenode0
Rank 56 SLURM info: PROCID=56 LOCALID=56 NODEID=0
Rank 56 affinity mask: 0 1 2 3 4 5 6 7 8 9 10 11 12 13 14 15 16 17 18 19 20 21 22 23 96 97 98 99 100 101 102 103 104 105 106 107 108 109 110 111 112 113 114 115 116 117 118 119 
Rank 56 current logical CPU: 21
Rank 57 running on computenode0
Rank 57 SLURM info: PROCID=57 LOCALID=57 NODEID=0
Rank 57 affinity mask: 24 25 26 27 28 29 30 31 32 33 34 35 36 37 38 39 40 41 42 43 44 45 46 47 120 121 122 123 124 125 126 127 128 129 130 131 132 133 134 135 136 137 138 139 140 141 142 143 
Rank 57 current logical CPU: 140
Rank 58 running on computenode0
Rank 58 SLURM info: PROCID=58 LOCALID=58 NODEID=0
Rank 58 affinity mask: 48 49 50 51 52 53 54 55 56 57 58 59 60 61 62 63 64 65 66 67 68 69 70 71 144 145 146 147 148 149 150 151 152 153 154 155 156 157 158 159 160 161 162 163 164 165 166 167 
Rank 58 current logical CPU: 56
Rank 59 running on computenode0
Rank 59 SLURM info: PROCID=59 LOCALID=59 NODEID=0
Rank 59 affinity mask: 72 73 74 75 76 77 78 79 80 81 82 83 84 85 86 87 88 89 90 91 92 93 94 95 168 169 170 171 172 173 174 175 176 177 178 179 180 181 182 183 184 185 186 187 188 189 190 191 
Rank 59 current logical CPU: 172
Rank 60 running on computenode0
Rank 60 SLURM info: PROCID=60 LOCALID=60 NODEID=0
Rank 60 affinity mask: 0 1 2 3 4 5 6 7 8 9 10 11 12 13 14 15 16 17 18 19 20 21 22 23 96 97 98 99 100 101 102 103 104 105 106 107 108 109 110 111 112 113 114 115 116 117 118 119 
Rank 60 current logical CPU: 115
Rank 61 running on computenode0
Rank 61 SLURM info: PROCID=61 LOCALID=61 NODEID=0
Rank 61 affinity mask: 24 25 26 27 28 29 30 31 32 33 34 35 36 37 38 39 40 41 42 43 44 45 46 47 120 121 122 123 124 125 126 127 128 129 130 131 132 133 134 135 136 137 138 139 140 141 142 143 
Rank 61 current logical CPU: 131
Rank 62 running on computenode0
Rank 62 SLURM info: PROCID=62 LOCALID=62 NODEID=0
Rank 62 affinity mask: 48 49 50 51 52 53 54 55 56 57 58 59 60 61 62 63 64 65 66 67 68 69 70 71 144 145 146 147 148 149 150 151 152 153 154 155 156 157 158 159 160 161 162 163 164 165 166 167 
Rank 62 current logical CPU: 165
Rank 63 running on computenode0
Rank 63 SLURM info: PROCID=63 LOCALID=63 NODEID=0
Rank 63 affinity mask: 72 73 74 75 76 77 78 79 80 81 82 83 84 85 86 87 88 89 90 91 92 93 94 95 168 169 170 171 172 173 174 175 176 177 178 179 180 181 182 183 184 185 186 187 188 189 190 191 
Rank 63 current logical CPU: 89
Rank 64 running on computenode0
Rank 64 SLURM info: PROCID=64 LOCALID=64 NODEID=0
Rank 64 affinity mask: 0 1 2 3 4 5 6 7 8 9 10 11 12 13 14 15 16 17 18 19 20 21 22 23 96 97 98 99 100 101 102 103 104 105 106 107 108 109 110 111 112 113 114 115 116 117 118 119 
Rank 64 current logical CPU: 20
Rank 65 running on computenode0
Rank 65 SLURM info: PROCID=65 LOCALID=65 NODEID=0
Rank 65 affinity mask: 24 25 26 27 28 29 30 31 32 33 34 35 36 37 38 39 40 41 42 43 44 45 46 47 120 121 122 123 124 125 126 127 128 129 130 131 132 133 134 135 136 137 138 139 140 141 142 143 
Rank 65 current logical CPU: 126
Rank 66 running on computenode0
Rank 66 SLURM info: PROCID=66 LOCALID=66 NODEID=0
Rank 66 affinity mask: 48 49 50 51 52 53 54 55 56 57 58 59 60 61 62 63 64 65 66 67 68 69 70 71 144 145 146 147 148 149 150 151 152 153 154 155 156 157 158 159 160 161 162 163 164 165 166 167 
Rank 66 current logical CPU: 150
Rank 67 running on computenode0
Rank 67 SLURM info: PROCID=67 LOCALID=67 NODEID=0
Rank 67 affinity mask: 72 73 74 75 76 77 78 79 80 81 82 83 84 85 86 87 88 89 90 91 92 93 94 95 168 169 170 171 172 173 174 175 176 177 178 179 180 181 182 183 184 185 186 187 188 189 190 191 
Rank 67 current logical CPU: 188
Rank 68 running on computenode0
Rank 68 SLURM info: PROCID=68 LOCALID=68 NODEID=0
Rank 68 affinity mask: 0 1 2 3 4 5 6 7 8 9 10 11 12 13 14 15 16 17 18 19 20 21 22 23 96 97 98 99 100 101 102 103 104 105 106 107 108 109 110 111 112 113 114 115 116 117 118 119 
Rank 68 current logical CPU: 11
Rank 69 running on computenode0
Rank 69 SLURM info: PROCID=69 LOCALID=69 NODEID=0
Rank 69 affinity mask: 24 25 26 27 28 29 30 31 32 33 34 35 36 37 38 39 40 41 42 43 44 45 46 47 120 121 122 123 124 125 126 127 128 129 130 131 132 133 134 135 136 137 138 139 140 141 142 143 
Rank 69 current logical CPU: 29
Rank 70 running on computenode0
Rank 70 SLURM info: PROCID=70 LOCALID=70 NODEID=0
Rank 70 affinity mask: 48 49 50 51 52 53 54 55 56 57 58 59 60 61 62 63 64 65 66 67 68 69 70 71 144 145 146 147 148 149 150 151 152 153 154 155 156 157 158 159 160 161 162 163 164 165 166 167 
Rank 70 current logical CPU: 60
Rank 71 running on computenode0
Rank 71 SLURM info: PROCID=71 LOCALID=71 NODEID=0
Rank 71 affinity mask: 72 73 74 75 76 77 78 79 80 81 82 83 84 85 86 87 88 89 90 91 92 93 94 95 168 169 170 171 172 173 174 175 176 177 178 179 180 181 182 183 184 185 186 187 188 189 190 191 
Rank 71 current logical CPU: 74
Rank 72 running on computenode0
Rank 72 SLURM info: PROCID=72 LOCALID=72 NODEID=0
Rank 72 affinity mask: 0 1 2 3 4 5 6 7 8 9 10 11 12 13 14 15 16 17 18 19 20 21 22 23 96 97 98 99 100 101 102 103 104 105 106 107 108 109 110 111 112 113 114 115 116 117 118 119 
Rank 72 current logical CPU: 101
Rank 73 running on computenode0
Rank 73 SLURM info: PROCID=73 LOCALID=73 NODEID=0
Rank 73 affinity mask: 24 25 26 27 28 29 30 31 32 33 34 35 36 37 38 39 40 41 42 43 44 45 46 47 120 121 122 123 124 125 126 127 128 129 130 131 132 133 134 135 136 137 138 139 140 141 142 143 
Rank 73 current logical CPU: 32
Rank 74 running on computenode0
Rank 74 SLURM info: PROCID=74 LOCALID=74 NODEID=0
Rank 74 affinity mask: 48 49 50 51 52 53 54 55 56 57 58 59 60 61 62 63 64 65 66 67 68 69 70 71 144 145 146 147 148 149 150 151 152 153 154 155 156 157 158 159 160 161 162 163 164 165 166 167 
Rank 74 current logical CPU: 167
Rank 75 running on computenode0
Rank 75 SLURM info: PROCID=75 LOCALID=75 NODEID=0
Rank 75 affinity mask: 72 73 74 75 76 77 78 79 80 81 82 83 84 85 86 87 88 89 90 91 92 93 94 95 168 169 170 171 172 173 174 175 176 177 178 179 180 181 182 183 184 185 186 187 188 189 190 191 
Rank 75 current logical CPU: 72
Rank 76 running on computenode0
Rank 76 SLURM info: PROCID=76 LOCALID=76 NODEID=0
Rank 76 affinity mask: 0 1 2 3 4 5 6 7 8 9 10 11 12 13 14 15 16 17 18 19 20 21 22 23 96 97 98 99 100 101 102 103 104 105 106 107 108 109 110 111 112 113 114 115 116 117 118 119 
Rank 76 current logical CPU: 18
Rank 77 running on computenode0
Rank 77 SLURM info: PROCID=77 LOCALID=77 NODEID=0
Rank 77 affinity mask: 24 25 26 27 28 29 30 31 32 33 34 35 36 37 38 39 40 41 42 43 44 45 46 47 120 121 122 123 124 125 126 127 128 129 130 131 132 133 134 135 136 137 138 139 140 141 142 143 
Rank 77 current logical CPU: 25
Rank 78 running on computenode0
Rank 78 SLURM info: PROCID=78 LOCALID=78 NODEID=0
Rank 78 affinity mask: 48 49 50 51 52 53 54 55 56 57 58 59 60 61 62 63 64 65 66 67 68 69 70 71 144 145 146 147 148 149 150 151 152 153 154 155 156 157 158 159 160 161 162 163 164 165 166 167 
Rank 78 current logical CPU: 64
Rank 79 running on computenode0
Rank 79 SLURM info: PROCID=79 LOCALID=79 NODEID=0
Rank 79 affinity mask: 72 73 74 75 76 77 78 79 80 81 82 83 84 85 86 87 88 89 90 91 92 93 94 95 168 169 170 171 172 173 174 175 176 177 178 179 180 181 182 183 184 185 186 187 188 189 190 191 
Rank 79 current logical CPU: 178
Rank 80 running on computenode0
Rank 80 SLURM info: PROCID=80 LOCALID=80 NODEID=0
Rank 80 affinity mask: 0 1 2 3 4 5 6 7 8 9 10 11 12 13 14 15 16 17 18 19 20 21 22 23 96 97 98 99 100 101 102 103 104 105 106 107 108 109 110 111 112 113 114 115 116 117 118 119 
Rank 80 current logical CPU: 114
Rank 81 running on computenode0
Rank 81 SLURM info: PROCID=81 LOCALID=81 NODEID=0
Rank 81 affinity mask: 24 25 26 27 28 29 30 31 32 33 34 35 36 37 38 39 40 41 42 43 44 45 46 47 120 121 122 123 124 125 126 127 128 129 130 131 132 133 134 135 136 137 138 139 140 141 142 143 
Rank 81 current logical CPU: 139
Rank 82 running on computenode0
Rank 82 SLURM info: PROCID=82 LOCALID=82 NODEID=0
Rank 82 affinity mask: 48 49 50 51 52 53 54 55 56 57 58 59 60 61 62 63 64 65 66 67 68 69 70 71 144 145 146 147 148 149 150 151 152 153 154 155 156 157 158 159 160 161 162 163 164 165 166 167 
Rank 82 current logical CPU: 164
Rank 83 running on computenode0
Rank 83 SLURM info: PROCID=83 LOCALID=83 NODEID=0
Rank 83 affinity mask: 72 73 74 75 76 77 78 79 80 81 82 83 84 85 86 87 88 89 90 91 92 93 94 95 168 169 170 171 172 173 174 175 176 177 178 179 180 181 182 183 184 185 186 187 188 189 190 191 
Rank 83 current logical CPU: 73
Rank 84 running on computenode0
Rank 84 SLURM info: PROCID=84 LOCALID=84 NODEID=0
Rank 84 affinity mask: 0 1 2 3 4 5 6 7 8 9 10 11 12 13 14 15 16 17 18 19 20 21 22 23 96 97 98 99 100 101 102 103 104 105 106 107 108 109 110 111 112 113 114 115 116 117 118 119 
Rank 84 current logical CPU: 22
Rank 85 running on computenode0
Rank 85 SLURM info: PROCID=85 LOCALID=85 NODEID=0
Rank 85 affinity mask: 24 25 26 27 28 29 30 31 32 33 34 35 36 37 38 39 40 41 42 43 44 45 46 47 120 121 122 123 124 125 126 127 128 129 130 131 132 133 134 135 136 137 138 139 140 141 142 143 
Rank 85 current logical CPU: 27
Rank 86 running on computenode0
Rank 86 SLURM info: PROCID=86 LOCALID=86 NODEID=0
Rank 86 affinity mask: 48 49 50 51 52 53 54 55 56 57 58 59 60 61 62 63 64 65 66 67 68 69 70 71 144 145 146 147 148 149 150 151 152 153 154 155 156 157 158 159 160 161 162 163 164 165 166 167 
Rank 86 current logical CPU: 151
Rank 87 running on computenode0
Rank 87 SLURM info: PROCID=87 LOCALID=87 NODEID=0
Rank 87 affinity mask: 72 73 74 75 76 77 78 79 80 81 82 83 84 85 86 87 88 89 90 91 92 93 94 95 168 169 170 171 172 173 174 175 176 177 178 179 180 181 182 183 184 185 186 187 188 189 190 191 
Rank 87 current logical CPU: 90
Rank 88 running on computenode0
Rank 88 SLURM info: PROCID=88 LOCALID=88 NODEID=0
Rank 88 affinity mask: 0 1 2 3 4 5 6 7 8 9 10 11 12 13 14 15 16 17 18 19 20 21 22 23 96 97 98 99 100 101 102 103 104 105 106 107 108 109 110 111 112 113 114 115 116 117 118 119 
Rank 88 current logical CPU: 7
Rank 89 running on computenode0
Rank 89 SLURM info: PROCID=89 LOCALID=89 NODEID=0
Rank 89 affinity mask: 24 25 26 27 28 29 30 31 32 33 34 35 36 37 38 39 40 41 42 43 44 45 46 47 120 121 122 123 124 125 126 127 128 129 130 131 132 133 134 135 136 137 138 139 140 141 142 143 
Rank 89 current logical CPU: 141
Rank 90 running on computenode0
Rank 90 SLURM info: PROCID=90 LOCALID=90 NODEID=0
Rank 90 affinity mask: 48 49 50 51 52 53 54 55 56 57 58 59 60 61 62 63 64 65 66 67 68 69 70 71 144 145 146 147 148 149 150 151 152 153 154 155 156 157 158 159 160 161 162 163 164 165 166 167 
Rank 90 current logical CPU: 65
Rank 91 running on computenode0
Rank 91 SLURM info: PROCID=91 LOCALID=91 NODEID=0
Rank 91 affinity mask: 72 73 74 75 76 77 78 79 80 81 82 83 84 85 86 87 88 89 90 91 92 93 94 95 168 169 170 171 172 173 174 175 176 177 178 179 180 181 182 183 184 185 186 187 188 189 190 191 
Rank 91 current logical CPU: 87
Rank 92 running on computenode0
Rank 92 SLURM info: PROCID=92 LOCALID=92 NODEID=0
Rank 92 affinity mask: 0 1 2 3 4 5 6 7 8 9 10 11 12 13 14 15 16 17 18 19 20 21 22 23 96 97 98 99 100 101 102 103 104 105 106 107 108 109 110 111 112 113 114 115 116 117 118 119 
Rank 92 current logical CPU: 99
Rank 93 running on computenode0
Rank 93 SLURM info: PROCID=93 LOCALID=93 NODEID=0
Rank 93 affinity mask: 24 25 26 27 28 29 30 31 32 33 34 35 36 37 38 39 40 41 42 43 44 45 46 47 120 121 122 123 124 125 126 127 128 129 130 131 132 133 134 135 136 137 138 139 140 141 142 143 
Rank 93 current logical CPU: 26
Rank 94 running on computenode0
Rank 94 SLURM info: PROCID=94 LOCALID=94 NODEID=0
Rank 94 affinity mask: 48 49 50 51 52 53 54 55 56 57 58 59 60 61 62 63 64 65 66 67 68 69 70 71 144 145 146 147 148 149 150 151 152 153 154 155 156 157 158 159 160 161 162 163 164 165 166 167 
Rank 94 current logical CPU: 48
Rank 95 running on computenode0
Rank 95 SLURM info: PROCID=95 LOCALID=95 NODEID=0
Rank 95 affinity mask: 72 73 74 75 76 77 78 79 80 81 82 83 84 85 86 87 88 89 90 91 92 93 94 95 168 169 170 171 172 173 174 175 176 177 178 179 180 181 182 183 184 185 186 187 188 189 190 191 
Rank 95 current logical CPU: 75

# MPI Broadcast Benchmark
#
# Configuration
#   MPI ranks        : 96
#   Max message size : 16777216 bytes
#   Warmup iterations: 20
#   Small iterations : 1000
#   Large iterations : 100
#   MPI_Wtick        : 1.000000000e-09 seconds
#
# Metrics
#   Broadcast        : average per-iteration time of the slowest MPI rank
#   EffectiveBW      : aggregate data volume delivered to non-root ranks per unit time
#
# Size(Bytes)	Broadcast(us)	EffectiveBW(MiB/s)
       1 bytes      3.76 us     24.09 MiB/s
       2 bytes      4.19 us     43.29 MiB/s
       4 bytes      4.27 us     84.81 MiB/s
       8 bytes      4.30 us    168.72 MiB/s
      16 bytes      4.30 us    337.16 MiB/s
      32 bytes      4.30 us    673.80 MiB/s
      64 bytes      4.30 us   1348.58 MiB/s
     128 bytes      4.34 us   2670.46 MiB/s
     256 bytes      4.43 us   5231.26 MiB/s
     512 bytes      7.38 us   6288.38 MiB/s
    1024 bytes     31.73 us   2924.26 MiB/s
    2048 bytes     38.74 us   4789.99 MiB/s
    4096 bytes     57.94 us   6404.58 MiB/s
    8192 bytes     77.32 us   9599.53 MiB/s
   16384 bytes    131.18 us  11315.95 MiB/s
   32768 bytes    248.44 us  11949.60 MiB/s
   65536 bytes    530.07 us  11201.37 MiB/s
  131072 bytes   1087.31 us  10921.46 MiB/s
  262144 bytes   2174.73 us  10920.92 MiB/s
  524288 bytes   4452.71 us  10667.67 MiB/s
 1048576 bytes   8904.53 us  10668.73 MiB/s
 2097152 bytes  13767.70 us  13800.41 MiB/s
 4194304 bytes  17440.91 us  21787.85 MiB/s
 8388608 bytes  25040.59 us  30350.73 MiB/s
16777216 bytes  41462.40 us  36659.72 MiB/s
  Verification data:
    rank 0 : checksum=  2852126720  expected=  2852126720
    rank 1 : checksum=  2852126720  expected=  2852126720
    rank 2 : checksum=  2852126720  expected=  2852126720
    rank 3 : checksum=  2852126720  expected=  2852126720
    rank 4 : checksum=  2852126720  expected=  2852126720
    rank 5 : checksum=  2852126720  expected=  2852126720
    rank 6 : checksum=  2852126720  expected=  2852126720
    rank 7 : checksum=  2852126720  expected=  2852126720
    rank 8 : checksum=  2852126720  expected=  2852126720
    rank 9 : checksum=  2852126720  expected=  2852126720
    rank 10 : checksum=  2852126720  expected=  2852126720
    rank 11 : checksum=  2852126720  expected=  2852126720
    rank 12 : checksum=  2852126720  expected=  2852126720
    rank 13 : checksum=  2852126720  expected=  2852126720
    rank 14 : checksum=  2852126720  expected=  2852126720
    rank 15 : checksum=  2852126720  expected=  2852126720
    rank 16 : checksum=  2852126720  expected=  2852126720
    rank 17 : checksum=  2852126720  expected=  2852126720
    rank 18 : checksum=  2852126720  expected=  2852126720
    rank 19 : checksum=  2852126720  expected=  2852126720
    rank 20 : checksum=  2852126720  expected=  2852126720
    rank 21 : checksum=  2852126720  expected=  2852126720
    rank 22 : checksum=  2852126720  expected=  2852126720
    rank 23 : checksum=  2852126720  expected=  2852126720
    rank 24 : checksum=  2852126720  expected=  2852126720
    rank 25 : checksum=  2852126720  expected=  2852126720
    rank 26 : checksum=  2852126720  expected=  2852126720
    rank 27 : checksum=  2852126720  expected=  2852126720
    rank 28 : checksum=  2852126720  expected=  2852126720
    rank 29 : checksum=  2852126720  expected=  2852126720
    rank 30 : checksum=  2852126720  expected=  2852126720
    rank 31 : checksum=  2852126720  expected=  2852126720
    rank 32 : checksum=  2852126720  expected=  2852126720
    rank 33 : checksum=  2852126720  expected=  2852126720
    rank 34 : checksum=  2852126720  expected=  2852126720
    rank 35 : checksum=  2852126720  expected=  2852126720
    rank 36 : checksum=  2852126720  expected=  2852126720
    rank 37 : checksum=  2852126720  expected=  2852126720
    rank 38 : checksum=  2852126720  expected=  2852126720
    rank 39 : checksum=  2852126720  expected=  2852126720
    rank 40 : checksum=  2852126720  expected=  2852126720
    rank 41 : checksum=  2852126720  expected=  2852126720
    rank 42 : checksum=  2852126720  expected=  2852126720
    rank 43 : checksum=  2852126720  expected=  2852126720
    rank 44 : checksum=  2852126720  expected=  2852126720
    rank 45 : checksum=  2852126720  expected=  2852126720
    rank 46 : checksum=  2852126720  expected=  2852126720
    rank 47 : checksum=  2852126720  expected=  2852126720
    rank 48 : checksum=  2852126720  expected=  2852126720
    rank 49 : checksum=  2852126720  expected=  2852126720
    rank 50 : checksum=  2852126720  expected=  2852126720
    rank 51 : checksum=  2852126720  expected=  2852126720
    rank 52 : checksum=  2852126720  expected=  2852126720
    rank 53 : checksum=  2852126720  expected=  2852126720
    rank 54 : checksum=  2852126720  expected=  2852126720
    rank 55 : checksum=  2852126720  expected=  2852126720
    rank 56 : checksum=  2852126720  expected=  2852126720
    rank 57 : checksum=  2852126720  expected=  2852126720
    rank 58 : checksum=  2852126720  expected=  2852126720
    rank 59 : checksum=  2852126720  expected=  2852126720
    rank 60 : checksum=  2852126720  expected=  2852126720
    rank 61 : checksum=  2852126720  expected=  2852126720
    rank 62 : checksum=  2852126720  expected=  2852126720
    rank 63 : checksum=  2852126720  expected=  2852126720
    rank 64 : checksum=  2852126720  expected=  2852126720
    rank 65 : checksum=  2852126720  expected=  2852126720
    rank 66 : checksum=  2852126720  expected=  2852126720
    rank 67 : checksum=  2852126720  expected=  2852126720
    rank 68 : checksum=  2852126720  expected=  2852126720
    rank 69 : checksum=  2852126720  expected=  2852126720
    rank 70 : checksum=  2852126720  expected=  2852126720
    rank 71 : checksum=  2852126720  expected=  2852126720
    rank 72 : checksum=  2852126720  expected=  2852126720
    rank 73 : checksum=  2852126720  expected=  2852126720
    rank 74 : checksum=  2852126720  expected=  2852126720
    rank 75 : checksum=  2852126720  expected=  2852126720
    rank 76 : checksum=  2852126720  expected=  2852126720
    rank 77 : checksum=  2852126720  expected=  2852126720
    rank 78 : checksum=  2852126720  expected=  2852126720
    rank 79 : checksum=  2852126720  expected=  2852126720
    rank 80 : checksum=  2852126720  expected=  2852126720
    rank 81 : checksum=  2852126720  expected=  2852126720
    rank 82 : checksum=  2852126720  expected=  2852126720
    rank 83 : checksum=  2852126720  expected=  2852126720
    rank 84 : checksum=  2852126720  expected=  2852126720
    rank 85 : checksum=  2852126720  expected=  2852126720
    rank 86 : checksum=  2852126720  expected=  2852126720
    rank 87 : checksum=  2852126720  expected=  2852126720
    rank 88 : checksum=  2852126720  expected=  2852126720
    rank 89 : checksum=  2852126720  expected=  2852126720
    rank 90 : checksum=  2852126720  expected=  2852126720
    rank 91 : checksum=  2852126720  expected=  2852126720
    rank 92 : checksum=  2852126720  expected=  2852126720
    rank 93 : checksum=  2852126720  expected=  2852126720
    rank 94 : checksum=  2852126720  expected=  2852126720
    rank 95 : checksum=  2852126720  expected=  2852126720

==============================
 4) NUMA (LDOM) binding
==============================
Rank 0 running on computenode0
Rank 0 SLURM info: PROCID=0 LOCALID=0 NODEID=0
Rank 0 affinity mask: 0 1 2 3 4 5 6 7 8 9 10 11 12 13 14 15 16 17 18 19 20 21 22 23 96 97 98 99 100 101 102 103 104 105 106 107 108 109 110 111 112 113 114 115 116 117 118 119 
Rank 0 current logical CPU: 113
Rank 1 running on computenode0
Rank 1 SLURM info: PROCID=1 LOCALID=1 NODEID=0
Rank 1 affinity mask: 24 25 26 27 28 29 30 31 32 33 34 35 36 37 38 39 40 41 42 43 44 45 46 47 120 121 122 123 124 125 126 127 128 129 130 131 132 133 134 135 136 137 138 139 140 141 142 143 
Rank 1 current logical CPU: 41
Rank 2 running on computenode0
Rank 2 SLURM info: PROCID=2 LOCALID=2 NODEID=0
Rank 2 affinity mask: 48 49 50 51 52 53 54 55 56 57 58 59 60 61 62 63 64 65 66 67 68 69 70 71 144 145 146 147 148 149 150 151 152 153 154 155 156 157 158 159 160 161 162 163 164 165 166 167 
Rank 2 current logical CPU: 164
Rank 3 running on computenode0
Rank 3 SLURM info: PROCID=3 LOCALID=3 NODEID=0
Rank 3 affinity mask: 72 73 74 75 76 77 78 79 80 81 82 83 84 85 86 87 88 89 90 91 92 93 94 95 168 169 170 171 172 173 174 175 176 177 178 179 180 181 182 183 184 185 186 187 188 189 190 191 
Rank 3 current logical CPU: 170
Rank 4 running on computenode0
Rank 4 SLURM info: PROCID=4 LOCALID=4 NODEID=0
Rank 4 affinity mask: 0 1 2 3 4 5 6 7 8 9 10 11 12 13 14 15 16 17 18 19 20 21 22 23 96 97 98 99 100 101 102 103 104 105 106 107 108 109 110 111 112 113 114 115 116 117 118 119 
Rank 4 current logical CPU: 114
Rank 5 running on computenode0
Rank 5 SLURM info: PROCID=5 LOCALID=5 NODEID=0
Rank 5 affinity mask: 24 25 26 27 28 29 30 31 32 33 34 35 36 37 38 39 40 41 42 43 44 45 46 47 120 121 122 123 124 125 126 127 128 129 130 131 132 133 134 135 136 137 138 139 140 141 142 143 
Rank 5 current logical CPU: 140
Rank 6 running on computenode0
Rank 6 SLURM info: PROCID=6 LOCALID=6 NODEID=0
Rank 6 affinity mask: 48 49 50 51 52 53 54 55 56 57 58 59 60 61 62 63 64 65 66 67 68 69 70 71 144 145 146 147 148 149 150 151 152 153 154 155 156 157 158 159 160 161 162 163 164 165 166 167 
Rank 6 current logical CPU: 51
Rank 7 running on computenode0
Rank 7 SLURM info: PROCID=7 LOCALID=7 NODEID=0
Rank 7 affinity mask: 72 73 74 75 76 77 78 79 80 81 82 83 84 85 86 87 88 89 90 91 92 93 94 95 168 169 170 171 172 173 174 175 176 177 178 179 180 181 182 183 184 185 186 187 188 189 190 191 
Rank 7 current logical CPU: 191
Rank 8 running on computenode0
Rank 8 SLURM info: PROCID=8 LOCALID=8 NODEID=0
Rank 8 affinity mask: 0 1 2 3 4 5 6 7 8 9 10 11 12 13 14 15 16 17 18 19 20 21 22 23 96 97 98 99 100 101 102 103 104 105 106 107 108 109 110 111 112 113 114 115 116 117 118 119 
Rank 8 current logical CPU: 12
Rank 9 running on computenode0
Rank 9 SLURM info: PROCID=9 LOCALID=9 NODEID=0
Rank 9 affinity mask: 24 25 26 27 28 29 30 31 32 33 34 35 36 37 38 39 40 41 42 43 44 45 46 47 120 121 122 123 124 125 126 127 128 129 130 131 132 133 134 135 136 137 138 139 140 141 142 143 
Rank 9 current logical CPU: 124
Rank 10 running on computenode0
Rank 10 SLURM info: PROCID=10 LOCALID=10 NODEID=0
Rank 10 affinity mask: 48 49 50 51 52 53 54 55 56 57 58 59 60 61 62 63 64 65 66 67 68 69 70 71 144 145 146 147 148 149 150 151 152 153 154 155 156 157 158 159 160 161 162 163 164 165 166 167 
Rank 10 current logical CPU: 71
Rank 11 running on computenode0
Rank 11 SLURM info: PROCID=11 LOCALID=11 NODEID=0
Rank 11 affinity mask: 72 73 74 75 76 77 78 79 80 81 82 83 84 85 86 87 88 89 90 91 92 93 94 95 168 169 170 171 172 173 174 175 176 177 178 179 180 181 182 183 184 185 186 187 188 189 190 191 
Rank 11 current logical CPU: 82
Rank 12 running on computenode0
Rank 12 SLURM info: PROCID=12 LOCALID=12 NODEID=0
Rank 12 affinity mask: 0 1 2 3 4 5 6 7 8 9 10 11 12 13 14 15 16 17 18 19 20 21 22 23 96 97 98 99 100 101 102 103 104 105 106 107 108 109 110 111 112 113 114 115 116 117 118 119 
Rank 12 current logical CPU: 16
Rank 13 running on computenode0
Rank 13 SLURM info: PROCID=13 LOCALID=13 NODEID=0
Rank 13 affinity mask: 24 25 26 27 28 29 30 31 32 33 34 35 36 37 38 39 40 41 42 43 44 45 46 47 120 121 122 123 124 125 126 127 128 129 130 131 132 133 134 135 136 137 138 139 140 141 142 143 
Rank 13 current logical CPU: 138
Rank 14 running on computenode0
Rank 14 SLURM info: PROCID=14 LOCALID=14 NODEID=0
Rank 14 affinity mask: 48 49 50 51 52 53 54 55 56 57 58 59 60 61 62 63 64 65 66 67 68 69 70 71 144 145 146 147 148 149 150 151 152 153 154 155 156 157 158 159 160 161 162 163 164 165 166 167 
Rank 14 current logical CPU: 70
Rank 15 running on computenode0
Rank 15 SLURM info: PROCID=15 LOCALID=15 NODEID=0
Rank 15 affinity mask: 72 73 74 75 76 77 78 79 80 81 82 83 84 85 86 87 88 89 90 91 92 93 94 95 168 169 170 171 172 173 174 175 176 177 178 179 180 181 182 183 184 185 186 187 188 189 190 191 
Rank 15 current logical CPU: 90
Rank 16 running on computenode0
Rank 16 SLURM info: PROCID=16 LOCALID=16 NODEID=0
Rank 16 affinity mask: 0 1 2 3 4 5 6 7 8 9 10 11 12 13 14 15 16 17 18 19 20 21 22 23 96 97 98 99 100 101 102 103 104 105 106 107 108 109 110 111 112 113 114 115 116 117 118 119 
Rank 16 current logical CPU: 105
Rank 17 running on computenode0
Rank 17 SLURM info: PROCID=17 LOCALID=17 NODEID=0
Rank 17 affinity mask: 24 25 26 27 28 29 30 31 32 33 34 35 36 37 38 39 40 41 42 43 44 45 46 47 120 121 122 123 124 125 126 127 128 129 130 131 132 133 134 135 136 137 138 139 140 141 142 143 
Rank 17 current logical CPU: 36
Rank 18 running on computenode0
Rank 18 SLURM info: PROCID=18 LOCALID=18 NODEID=0
Rank 18 affinity mask: 48 49 50 51 52 53 54 55 56 57 58 59 60 61 62 63 64 65 66 67 68 69 70 71 144 145 146 147 148 149 150 151 152 153 154 155 156 157 158 159 160 161 162 163 164 165 166 167 
Rank 18 current logical CPU: 49
Rank 19 running on computenode0
Rank 19 SLURM info: PROCID=19 LOCALID=19 NODEID=0
Rank 19 affinity mask: 72 73 74 75 76 77 78 79 80 81 82 83 84 85 86 87 88 89 90 91 92 93 94 95 168 169 170 171 172 173 174 175 176 177 178 179 180 181 182 183 184 185 186 187 188 189 190 191 
Rank 19 current logical CPU: 185
Rank 20 running on computenode0
Rank 20 SLURM info: PROCID=20 LOCALID=20 NODEID=0
Rank 20 affinity mask: 0 1 2 3 4 5 6 7 8 9 10 11 12 13 14 15 16 17 18 19 20 21 22 23 96 97 98 99 100 101 102 103 104 105 106 107 108 109 110 111 112 113 114 115 116 117 118 119 
Rank 20 current logical CPU: 101
Rank 21 running on computenode0
Rank 21 SLURM info: PROCID=21 LOCALID=21 NODEID=0
Rank 21 affinity mask: 24 25 26 27 28 29 30 31 32 33 34 35 36 37 38 39 40 41 42 43 44 45 46 47 120 121 122 123 124 125 126 127 128 129 130 131 132 133 134 135 136 137 138 139 140 141 142 143 
Rank 21 current logical CPU: 33
Rank 22 running on computenode0
Rank 22 SLURM info: PROCID=22 LOCALID=22 NODEID=0
Rank 22 affinity mask: 48 49 50 51 52 53 54 55 56 57 58 59 60 61 62 63 64 65 66 67 68 69 70 71 144 145 146 147 148 149 150 151 152 153 154 155 156 157 158 159 160 161 162 163 164 165 166 167 
Rank 22 current logical CPU: 54
Rank 23 running on computenode0
Rank 23 SLURM info: PROCID=23 LOCALID=23 NODEID=0
Rank 23 affinity mask: 72 73 74 75 76 77 78 79 80 81 82 83 84 85 86 87 88 89 90 91 92 93 94 95 168 169 170 171 172 173 174 175 176 177 178 179 180 181 182 183 184 185 186 187 188 189 190 191 
Rank 23 current logical CPU: 182
Rank 24 running on computenode0
Rank 24 SLURM info: PROCID=24 LOCALID=24 NODEID=0
Rank 24 affinity mask: 0 1 2 3 4 5 6 7 8 9 10 11 12 13 14 15 16 17 18 19 20 21 22 23 96 97 98 99 100 101 102 103 104 105 106 107 108 109 110 111 112 113 114 115 116 117 118 119 
Rank 24 current logical CPU: 21
Rank 25 running on computenode0
Rank 25 SLURM info: PROCID=25 LOCALID=25 NODEID=0
Rank 25 affinity mask: 24 25 26 27 28 29 30 31 32 33 34 35 36 37 38 39 40 41 42 43 44 45 46 47 120 121 122 123 124 125 126 127 128 129 130 131 132 133 134 135 136 137 138 139 140 141 142 143 
Rank 25 current logical CPU: 43
Rank 26 running on computenode0
Rank 26 SLURM info: PROCID=26 LOCALID=26 NODEID=0
Rank 26 affinity mask: 48 49 50 51 52 53 54 55 56 57 58 59 60 61 62 63 64 65 66 67 68 69 70 71 144 145 146 147 148 149 150 151 152 153 154 155 156 157 158 159 160 161 162 163 164 165 166 167 
Rank 26 current logical CPU: 59
Rank 27 running on computenode0
Rank 27 SLURM info: PROCID=27 LOCALID=27 NODEID=0
Rank 27 affinity mask: 72 73 74 75 76 77 78 79 80 81 82 83 84 85 86 87 88 89 90 91 92 93 94 95 168 169 170 171 172 173 174 175 176 177 178 179 180 181 182 183 184 185 186 187 188 189 190 191 
Rank 27 current logical CPU: 87
Rank 28 running on computenode0
Rank 28 SLURM info: PROCID=28 LOCALID=28 NODEID=0
Rank 28 affinity mask: 0 1 2 3 4 5 6 7 8 9 10 11 12 13 14 15 16 17 18 19 20 21 22 23 96 97 98 99 100 101 102 103 104 105 106 107 108 109 110 111 112 113 114 115 116 117 118 119 
Rank 28 current logical CPU: 20
Rank 29 running on computenode0
Rank 29 SLURM info: PROCID=29 LOCALID=29 NODEID=0
Rank 29 affinity mask: 24 25 26 27 28 29 30 31 32 33 34 35 36 37 38 39 40 41 42 43 44 45 46 47 120 121 122 123 124 125 126 127 128 129 130 131 132 133 134 135 136 137 138 139 140 141 142 143 
Rank 29 current logical CPU: 47
Rank 30 running on computenode0
Rank 30 SLURM info: PROCID=30 LOCALID=30 NODEID=0
Rank 30 affinity mask: 48 49 50 51 52 53 54 55 56 57 58 59 60 61 62 63 64 65 66 67 68 69 70 71 144 145 146 147 148 149 150 151 152 153 154 155 156 157 158 159 160 161 162 163 164 165 166 167 
Rank 30 current logical CPU: 55
Rank 31 running on computenode0
Rank 31 SLURM info: PROCID=31 LOCALID=31 NODEID=0
Rank 31 affinity mask: 72 73 74 75 76 77 78 79 80 81 82 83 84 85 86 87 88 89 90 91 92 93 94 95 168 169 170 171 172 173 174 175 176 177 178 179 180 181 182 183 184 185 186 187 188 189 190 191 
Rank 31 current logical CPU: 79
Rank 32 running on computenode0
Rank 32 SLURM info: PROCID=32 LOCALID=32 NODEID=0
Rank 32 affinity mask: 0 1 2 3 4 5 6 7 8 9 10 11 12 13 14 15 16 17 18 19 20 21 22 23 96 97 98 99 100 101 102 103 104 105 106 107 108 109 110 111 112 113 114 115 116 117 118 119 
Rank 32 current logical CPU: 109
Rank 33 running on computenode0
Rank 33 SLURM info: PROCID=33 LOCALID=33 NODEID=0
Rank 33 affinity mask: 24 25 26 27 28 29 30 31 32 33 34 35 36 37 38 39 40 41 42 43 44 45 46 47 120 121 122 123 124 125 126 127 128 129 130 131 132 133 134 135 136 137 138 139 140 141 142 143 
Rank 33 current logical CPU: 131
Rank 34 running on computenode0
Rank 34 SLURM info: PROCID=34 LOCALID=34 NODEID=0
Rank 34 affinity mask: 48 49 50 51 52 53 54 55 56 57 58 59 60 61 62 63 64 65 66 67 68 69 70 71 144 145 146 147 148 149 150 151 152 153 154 155 156 157 158 159 160 161 162 163 164 165 166 167 
Rank 34 current logical CPU: 65
Rank 35 running on computenode0
Rank 35 SLURM info: PROCID=35 LOCALID=35 NODEID=0
Rank 35 affinity mask: 72 73 74 75 76 77 78 79 80 81 82 83 84 85 86 87 88 89 90 91 92 93 94 95 168 169 170 171 172 173 174 175 176 177 178 179 180 181 182 183 184 185 186 187 188 189 190 191 
Rank 35 current logical CPU: 81
Rank 36 running on computenode0
Rank 36 SLURM info: PROCID=36 LOCALID=36 NODEID=0
Rank 36 affinity mask: 0 1 2 3 4 5 6 7 8 9 10 11 12 13 14 15 16 17 18 19 20 21 22 23 96 97 98 99 100 101 102 103 104 105 106 107 108 109 110 111 112 113 114 115 116 117 118 119 
Rank 36 current logical CPU: 14
Rank 37 running on computenode0
Rank 37 SLURM info: PROCID=37 LOCALID=37 NODEID=0
Rank 37 affinity mask: 24 25 26 27 28 29 30 31 32 33 34 35 36 37 38 39 40 41 42 43 44 45 46 47 120 121 122 123 124 125 126 127 128 129 130 131 132 133 134 135 136 137 138 139 140 141 142 143 
Rank 37 current logical CPU: 120
Rank 38 running on computenode0
Rank 38 SLURM info: PROCID=38 LOCALID=38 NODEID=0
Rank 38 affinity mask: 48 49 50 51 52 53 54 55 56 57 58 59 60 61 62 63 64 65 66 67 68 69 70 71 144 145 146 147 148 149 150 151 152 153 154 155 156 157 158 159 160 161 162 163 164 165 166 167 
Rank 38 current logical CPU: 53
Rank 39 running on computenode0
Rank 39 SLURM info: PROCID=39 LOCALID=39 NODEID=0
Rank 39 affinity mask: 72 73 74 75 76 77 78 79 80 81 82 83 84 85 86 87 88 89 90 91 92 93 94 95 168 169 170 171 172 173 174 175 176 177 178 179 180 181 182 183 184 185 186 187 188 189 190 191 
Rank 39 current logical CPU: 181
Rank 40 running on computenode0
Rank 40 SLURM info: PROCID=40 LOCALID=40 NODEID=0
Rank 40 affinity mask: 0 1 2 3 4 5 6 7 8 9 10 11 12 13 14 15 16 17 18 19 20 21 22 23 96 97 98 99 100 101 102 103 104 105 106 107 108 109 110 111 112 113 114 115 116 117 118 119 
Rank 40 current logical CPU: 6
Rank 41 running on computenode0
Rank 41 SLURM info: PROCID=41 LOCALID=41 NODEID=0
Rank 41 affinity mask: 24 25 26 27 28 29 30 31 32 33 34 35 36 37 38 39 40 41 42 43 44 45 46 47 120 121 122 123 124 125 126 127 128 129 130 131 132 133 134 135 136 137 138 139 140 141 142 143 
Rank 41 current logical CPU: 136
Rank 42 running on computenode0
Rank 42 SLURM info: PROCID=42 LOCALID=42 NODEID=0
Rank 42 affinity mask: 48 49 50 51 52 53 54 55 56 57 58 59 60 61 62 63 64 65 66 67 68 69 70 71 144 145 146 147 148 149 150 151 152 153 154 155 156 157 158 159 160 161 162 163 164 165 166 167 
Rank 42 current logical CPU: 144
Rank 43 running on computenode0
Rank 43 SLURM info: PROCID=43 LOCALID=43 NODEID=0
Rank 43 affinity mask: 72 73 74 75 76 77 78 79 80 81 82 83 84 85 86 87 88 89 90 91 92 93 94 95 168 169 170 171 172 173 174 175 176 177 178 179 180 181 182 183 184 185 186 187 188 189 190 191 
Rank 43 current logical CPU: 75
Rank 44 running on computenode0
Rank 44 SLURM info: PROCID=44 LOCALID=44 NODEID=0
Rank 44 affinity mask: 0 1 2 3 4 5 6 7 8 9 10 11 12 13 14 15 16 17 18 19 20 21 22 23 96 97 98 99 100 101 102 103 104 105 106 107 108 109 110 111 112 113 114 115 116 117 118 119 
Rank 44 current logical CPU: 22
Rank 45 running on computenode0
Rank 45 SLURM info: PROCID=45 LOCALID=45 NODEID=0
Rank 45 affinity mask: 24 25 26 27 28 29 30 31 32 33 34 35 36 37 38 39 40 41 42 43 44 45 46 47 120 121 122 123 124 125 126 127 128 129 130 131 132 133 134 135 136 137 138 139 140 141 142 143 
Rank 45 current logical CPU: 127
Rank 46 running on computenode0
Rank 46 SLURM info: PROCID=46 LOCALID=46 NODEID=0
Rank 46 affinity mask: 48 49 50 51 52 53 54 55 56 57 58 59 60 61 62 63 64 65 66 67 68 69 70 71 144 145 146 147 148 149 150 151 152 153 154 155 156 157 158 159 160 161 162 163 164 165 166 167 
Rank 46 current logical CPU: 56
Rank 47 running on computenode0
Rank 47 SLURM info: PROCID=47 LOCALID=47 NODEID=0
Rank 47 affinity mask: 72 73 74 75 76 77 78 79 80 81 82 83 84 85 86 87 88 89 90 91 92 93 94 95 168 169 170 171 172 173 174 175 176 177 178 179 180 181 182 183 184 185 186 187 188 189 190 191 
Rank 47 current logical CPU: 80
Rank 48 running on computenode0
Rank 48 SLURM info: PROCID=48 LOCALID=48 NODEID=0
Rank 48 affinity mask: 0 1 2 3 4 5 6 7 8 9 10 11 12 13 14 15 16 17 18 19 20 21 22 23 96 97 98 99 100 101 102 103 104 105 106 107 108 109 110 111 112 113 114 115 116 117 118 119 
Rank 48 current logical CPU: 98
Rank 49 running on computenode0
Rank 49 SLURM info: PROCID=49 LOCALID=49 NODEID=0
Rank 49 affinity mask: 24 25 26 27 28 29 30 31 32 33 34 35 36 37 38 39 40 41 42 43 44 45 46 47 120 121 122 123 124 125 126 127 128 129 130 131 132 133 134 135 136 137 138 139 140 141 142 143 
Rank 49 current logical CPU: 32
Rank 50 running on computenode0
Rank 50 SLURM info: PROCID=50 LOCALID=50 NODEID=0
Rank 50 affinity mask: 48 49 50 51 52 53 54 55 56 57 58 59 60 61 62 63 64 65 66 67 68 69 70 71 144 145 146 147 148 149 150 151 152 153 154 155 156 157 158 159 160 161 162 163 164 165 166 167 
Rank 50 current logical CPU: 163
Rank 51 running on computenode0
Rank 51 SLURM info: PROCID=51 LOCALID=51 NODEID=0
Rank 51 affinity mask: 72 73 74 75 76 77 78 79 80 81 82 83 84 85 86 87 88 89 90 91 92 93 94 95 168 169 170 171 172 173 174 175 176 177 178 179 180 181 182 183 184 185 186 187 188 189 190 191 
Rank 51 current logical CPU: 177
Rank 52 running on computenode0
Rank 52 SLURM info: PROCID=52 LOCALID=52 NODEID=0
Rank 52 affinity mask: 0 1 2 3 4 5 6 7 8 9 10 11 12 13 14 15 16 17 18 19 20 21 22 23 96 97 98 99 100 101 102 103 104 105 106 107 108 109 110 111 112 113 114 115 116 117 118 119 
Rank 52 current logical CPU: 19
Rank 53 running on computenode0
Rank 53 SLURM info: PROCID=53 LOCALID=53 NODEID=0
Rank 53 affinity mask: 24 25 26 27 28 29 30 31 32 33 34 35 36 37 38 39 40 41 42 43 44 45 46 47 120 121 122 123 124 125 126 127 128 129 130 131 132 133 134 135 136 137 138 139 140 141 142 143 
Rank 53 current logical CPU: 35
Rank 54 running on computenode0
Rank 54 SLURM info: PROCID=54 LOCALID=54 NODEID=0
Rank 54 affinity mask: 48 49 50 51 52 53 54 55 56 57 58 59 60 61 62 63 64 65 66 67 68 69 70 71 144 145 146 147 148 149 150 151 152 153 154 155 156 157 158 159 160 161 162 163 164 165 166 167 
Rank 54 current logical CPU: 64
Rank 55 running on computenode0
Rank 55 SLURM info: PROCID=55 LOCALID=55 NODEID=0
Rank 55 affinity mask: 72 73 74 75 76 77 78 79 80 81 82 83 84 85 86 87 88 89 90 91 92 93 94 95 168 169 170 171 172 173 174 175 176 177 178 179 180 181 182 183 184 185 186 187 188 189 190 191 
Rank 55 current logical CPU: 168
Rank 56 running on computenode0
Rank 56 SLURM info: PROCID=56 LOCALID=56 NODEID=0
Rank 56 affinity mask: 0 1 2 3 4 5 6 7 8 9 10 11 12 13 14 15 16 17 18 19 20 21 22 23 96 97 98 99 100 101 102 103 104 105 106 107 108 109 110 111 112 113 114 115 116 117 118 119 
Rank 56 current logical CPU: 3
Rank 57 running on computenode0
Rank 57 SLURM info: PROCID=57 LOCALID=57 NODEID=0
Rank 57 affinity mask: 24 25 26 27 28 29 30 31 32 33 34 35 36 37 38 39 40 41 42 43 44 45 46 47 120 121 122 123 124 125 126 127 128 129 130 131 132 133 134 135 136 137 138 139 140 141 142 143 
Rank 57 current logical CPU: 133
Rank 58 running on computenode0
Rank 58 SLURM info: PROCID=58 LOCALID=58 NODEID=0
Rank 58 affinity mask: 48 49 50 51 52 53 54 55 56 57 58 59 60 61 62 63 64 65 66 67 68 69 70 71 144 145 146 147 148 149 150 151 152 153 154 155 156 157 158 159 160 161 162 163 164 165 166 167 
Rank 58 current logical CPU: 50
Rank 59 running on computenode0
Rank 59 SLURM info: PROCID=59 LOCALID=59 NODEID=0
Rank 59 affinity mask: 72 73 74 75 76 77 78 79 80 81 82 83 84 85 86 87 88 89 90 91 92 93 94 95 168 169 170 171 172 173 174 175 176 177 178 179 180 181 182 183 184 185 186 187 188 189 190 191 
Rank 59 current logical CPU: 184
Rank 60 running on computenode0
Rank 60 SLURM info: PROCID=60 LOCALID=60 NODEID=0
Rank 60 affinity mask: 0 1 2 3 4 5 6 7 8 9 10 11 12 13 14 15 16 17 18 19 20 21 22 23 96 97 98 99 100 101 102 103 104 105 106 107 108 109 110 111 112 113 114 115 116 117 118 119 
Rank 60 current logical CPU: 111
Rank 61 running on computenode0
Rank 61 SLURM info: PROCID=61 LOCALID=61 NODEID=0
Rank 61 affinity mask: 24 25 26 27 28 29 30 31 32 33 34 35 36 37 38 39 40 41 42 43 44 45 46 47 120 121 122 123 124 125 126 127 128 129 130 131 132 133 134 135 136 137 138 139 140 141 142 143 
Rank 61 current logical CPU: 121
Rank 62 running on computenode0
Rank 62 SLURM info: PROCID=62 LOCALID=62 NODEID=0
Rank 62 affinity mask: 48 49 50 51 52 53 54 55 56 57 58 59 60 61 62 63 64 65 66 67 68 69 70 71 144 145 146 147 148 149 150 151 152 153 154 155 156 157 158 159 160 161 162 163 164 165 166 167 
Rank 62 current logical CPU: 63
Rank 63 running on computenode0
Rank 63 SLURM info: PROCID=63 LOCALID=63 NODEID=0
Rank 63 affinity mask: 72 73 74 75 76 77 78 79 80 81 82 83 84 85 86 87 88 89 90 91 92 93 94 95 168 169 170 171 172 173 174 175 176 177 178 179 180 181 182 183 184 185 186 187 188 189 190 191 
Rank 63 current logical CPU: 91
Rank 64 running on computenode0
Rank 64 SLURM info: PROCID=64 LOCALID=64 NODEID=0
Rank 64 affinity mask: 0 1 2 3 4 5 6 7 8 9 10 11 12 13 14 15 16 17 18 19 20 21 22 23 96 97 98 99 100 101 102 103 104 105 106 107 108 109 110 111 112 113 114 115 116 117 118 119 
Rank 64 current logical CPU: 96
Rank 65 running on computenode0
Rank 65 SLURM info: PROCID=65 LOCALID=65 NODEID=0
Rank 65 affinity mask: 24 25 26 27 28 29 30 31 32 33 34 35 36 37 38 39 40 41 42 43 44 45 46 47 120 121 122 123 124 125 126 127 128 129 130 131 132 133 134 135 136 137 138 139 140 141 142 143 
Rank 65 current logical CPU: 38
Rank 66 running on computenode0
Rank 66 SLURM info: PROCID=66 LOCALID=66 NODEID=0
Rank 66 affinity mask: 48 49 50 51 52 53 54 55 56 57 58 59 60 61 62 63 64 65 66 67 68 69 70 71 144 145 146 147 148 149 150 151 152 153 154 155 156 157 158 159 160 161 162 163 164 165 166 167 
Rank 66 current logical CPU: 52
Rank 67 running on computenode0
Rank 67 SLURM info: PROCID=67 LOCALID=67 NODEID=0
Rank 67 affinity mask: 72 73 74 75 76 77 78 79 80 81 82 83 84 85 86 87 88 89 90 91 92 93 94 95 168 169 170 171 172 173 174 175 176 177 178 179 180 181 182 183 184 185 186 187 188 189 190 191 
Rank 67 current logical CPU: 84
Rank 68 running on computenode0
Rank 68 SLURM info: PROCID=68 LOCALID=68 NODEID=0
Rank 68 affinity mask: 0 1 2 3 4 5 6 7 8 9 10 11 12 13 14 15 16 17 18 19 20 21 22 23 96 97 98 99 100 101 102 103 104 105 106 107 108 109 110 111 112 113 114 115 116 117 118 119 
Rank 68 current logical CPU: 8
Rank 69 running on computenode0
Rank 69 SLURM info: PROCID=69 LOCALID=69 NODEID=0
Rank 69 affinity mask: 24 25 26 27 28 29 30 31 32 33 34 35 36 37 38 39 40 41 42 43 44 45 46 47 120 121 122 123 124 125 126 127 128 129 130 131 132 133 134 135 136 137 138 139 140 141 142 143 
Rank 69 current logical CPU: 45
Rank 70 running on computenode0
Rank 70 SLURM info: PROCID=70 LOCALID=70 NODEID=0
Rank 70 affinity mask: 48 49 50 51 52 53 54 55 56 57 58 59 60 61 62 63 64 65 66 67 68 69 70 71 144 145 146 147 148 149 150 151 152 153 154 155 156 157 158 159 160 161 162 163 164 165 166 167 
Rank 70 current logical CPU: 60
Rank 71 running on computenode0
Rank 71 SLURM info: PROCID=71 LOCALID=71 NODEID=0
Rank 71 affinity mask: 72 73 74 75 76 77 78 79 80 81 82 83 84 85 86 87 88 89 90 91 92 93 94 95 168 169 170 171 172 173 174 175 176 177 178 179 180 181 182 183 184 185 186 187 188 189 190 191 
Rank 71 current logical CPU: 83
Rank 72 running on computenode0
Rank 72 SLURM info: PROCID=72 LOCALID=72 NODEID=0
Rank 72 affinity mask: 0 1 2 3 4 5 6 7 8 9 10 11 12 13 14 15 16 17 18 19 20 21 22 23 96 97 98 99 100 101 102 103 104 105 106 107 108 109 110 111 112 113 114 115 116 117 118 119 
Rank 72 current logical CPU: 97
Rank 73 running on computenode0
Rank 73 SLURM info: PROCID=73 LOCALID=73 NODEID=0
Rank 73 affinity mask: 24 25 26 27 28 29 30 31 32 33 34 35 36 37 38 39 40 41 42 43 44 45 46 47 120 121 122 123 124 125 126 127 128 129 130 131 132 133 134 135 136 137 138 139 140 141 142 143 
Rank 73 current logical CPU: 134
Rank 74 running on computenode0
Rank 74 SLURM info: PROCID=74 LOCALID=74 NODEID=0
Rank 74 affinity mask: 48 49 50 51 52 53 54 55 56 57 58 59 60 61 62 63 64 65 66 67 68 69 70 71 144 145 146 147 148 149 150 151 152 153 154 155 156 157 158 159 160 161 162 163 164 165 166 167 
Rank 74 current logical CPU: 69
Rank 75 running on computenode0
Rank 75 SLURM info: PROCID=75 LOCALID=75 NODEID=0
Rank 75 affinity mask: 72 73 74 75 76 77 78 79 80 81 82 83 84 85 86 87 88 89 90 91 92 93 94 95 168 169 170 171 172 173 174 175 176 177 178 179 180 181 182 183 184 185 186 187 188 189 190 191 
Rank 75 current logical CPU: 190
Rank 76 running on computenode0
Rank 76 SLURM info: PROCID=76 LOCALID=76 NODEID=0
Rank 76 affinity mask: 0 1 2 3 4 5 6 7 8 9 10 11 12 13 14 15 16 17 18 19 20 21 22 23 96 97 98 99 100 101 102 103 104 105 106 107 108 109 110 111 112 113 114 115 116 117 118 119 
Rank 76 current logical CPU: 11
Rank 77 running on computenode0
Rank 77 SLURM info: PROCID=77 LOCALID=77 NODEID=0
Rank 77 affinity mask: 24 25 26 27 28 29 30 31 32 33 34 35 36 37 38 39 40 41 42 43 44 45 46 47 120 121 122 123 124 125 126 127 128 129 130 131 132 133 134 135 136 137 138 139 140 141 142 143 
Rank 77 current logical CPU: 46
Rank 78 running on computenode0
Rank 78 SLURM info: PROCID=78 LOCALID=78 NODEID=0
Rank 78 affinity mask: 48 49 50 51 52 53 54 55 56 57 58 59 60 61 62 63 64 65 66 67 68 69 70 71 144 145 146 147 148 149 150 151 152 153 154 155 156 157 158 159 160 161 162 163 164 165 166 167 
Rank 78 current logical CPU: 58
Rank 79 running on computenode0
Rank 79 SLURM info: PROCID=79 LOCALID=79 NODEID=0
Rank 79 affinity mask: 72 73 74 75 76 77 78 79 80 81 82 83 84 85 86 87 88 89 90 91 92 93 94 95 168 169 170 171 172 173 174 175 176 177 178 179 180 181 182 183 184 185 186 187 188 189 190 191 
Rank 79 current logical CPU: 73
Rank 80 running on computenode0
Rank 80 SLURM info: PROCID=80 LOCALID=80 NODEID=0
Rank 80 affinity mask: 0 1 2 3 4 5 6 7 8 9 10 11 12 13 14 15 16 17 18 19 20 21 22 23 96 97 98 99 100 101 102 103 104 105 106 107 108 109 110 111 112 113 114 115 116 117 118 119 
Rank 80 current logical CPU: 4
Rank 81 running on computenode0
Rank 81 SLURM info: PROCID=81 LOCALID=81 NODEID=0
Rank 81 affinity mask: 24 25 26 27 28 29 30 31 32 33 34 35 36 37 38 39 40 41 42 43 44 45 46 47 120 121 122 123 124 125 126 127 128 129 130 131 132 133 134 135 136 137 138 139 140 141 142 143 
Rank 81 current logical CPU: 29
Rank 82 running on computenode0
Rank 82 SLURM info: PROCID=82 LOCALID=82 NODEID=0
Rank 82 affinity mask: 48 49 50 51 52 53 54 55 56 57 58 59 60 61 62 63 64 65 66 67 68 69 70 71 144 145 146 147 148 149 150 151 152 153 154 155 156 157 158 159 160 161 162 163 164 165 166 167 
Rank 82 current logical CPU: 151
Rank 83 running on computenode0
Rank 83 SLURM info: PROCID=83 LOCALID=83 NODEID=0
Rank 83 affinity mask: 72 73 74 75 76 77 78 79 80 81 82 83 84 85 86 87 88 89 90 91 92 93 94 95 168 169 170 171 172 173 174 175 176 177 178 179 180 181 182 183 184 185 186 187 188 189 190 191 
Rank 83 current logical CPU: 78
Rank 84 running on computenode0
Rank 84 SLURM info: PROCID=84 LOCALID=84 NODEID=0
Rank 84 affinity mask: 0 1 2 3 4 5 6 7 8 9 10 11 12 13 14 15 16 17 18 19 20 21 22 23 96 97 98 99 100 101 102 103 104 105 106 107 108 109 110 111 112 113 114 115 116 117 118 119 
Rank 84 current logical CPU: 23
Rank 85 running on computenode0
Rank 85 SLURM info: PROCID=85 LOCALID=85 NODEID=0
Rank 85 affinity mask: 24 25 26 27 28 29 30 31 32 33 34 35 36 37 38 39 40 41 42 43 44 45 46 47 120 121 122 123 124 125 126 127 128 129 130 131 132 133 134 135 136 137 138 139 140 141 142 143 
Rank 85 current logical CPU: 126
Rank 86 running on computenode0
Rank 86 SLURM info: PROCID=86 LOCALID=86 NODEID=0
Rank 86 affinity mask: 48 49 50 51 52 53 54 55 56 57 58 59 60 61 62 63 64 65 66 67 68 69 70 71 144 145 146 147 148 149 150 151 152 153 154 155 156 157 158 159 160 161 162 163 164 165 166 167 
Rank 86 current logical CPU: 160
Rank 87 running on computenode0
Rank 87 SLURM info: PROCID=87 LOCALID=87 NODEID=0
Rank 87 affinity mask: 72 73 74 75 76 77 78 79 80 81 82 83 84 85 86 87 88 89 90 91 92 93 94 95 168 169 170 171 172 173 174 175 176 177 178 179 180 181 182 183 184 185 186 187 188 189 190 191 
Rank 87 current logical CPU: 172
Rank 88 running on computenode0
Rank 88 SLURM info: PROCID=88 LOCALID=88 NODEID=0
Rank 88 affinity mask: 0 1 2 3 4 5 6 7 8 9 10 11 12 13 14 15 16 17 18 19 20 21 22 23 96 97 98 99 100 101 102 103 104 105 106 107 108 109 110 111 112 113 114 115 116 117 118 119 
Rank 88 current logical CPU: 18
Rank 89 running on computenode0
Rank 89 SLURM info: PROCID=89 LOCALID=89 NODEID=0
Rank 89 affinity mask: 24 25 26 27 28 29 30 31 32 33 34 35 36 37 38 39 40 41 42 43 44 45 46 47 120 121 122 123 124 125 126 127 128 129 130 131 132 133 134 135 136 137 138 139 140 141 142 143 
Rank 89 current logical CPU: 34
Rank 90 running on computenode0
Rank 90 SLURM info: PROCID=90 LOCALID=90 NODEID=0
Rank 90 affinity mask: 48 49 50 51 52 53 54 55 56 57 58 59 60 61 62 63 64 65 66 67 68 69 70 71 144 145 146 147 148 149 150 151 152 153 154 155 156 157 158 159 160 161 162 163 164 165 166 167 
Rank 90 current logical CPU: 57
Rank 91 running on computenode0
Rank 91 SLURM info: PROCID=91 LOCALID=91 NODEID=0
Rank 91 affinity mask: 72 73 74 75 76 77 78 79 80 81 82 83 84 85 86 87 88 89 90 91 92 93 94 95 168 169 170 171 172 173 174 175 176 177 178 179 180 181 182 183 184 185 186 187 188 189 190 191 
Rank 91 current logical CPU: 77
Rank 92 running on computenode0
Rank 92 SLURM info: PROCID=92 LOCALID=92 NODEID=0
Rank 92 affinity mask: 0 1 2 3 4 5 6 7 8 9 10 11 12 13 14 15 16 17 18 19 20 21 22 23 96 97 98 99 100 101 102 103 104 105 106 107 108 109 110 111 112 113 114 115 116 117 118 119 
Rank 92 current logical CPU: 106
Rank 93 running on computenode0
Rank 93 SLURM info: PROCID=93 LOCALID=93 NODEID=0
Rank 93 affinity mask: 24 25 26 27 28 29 30 31 32 33 34 35 36 37 38 39 40 41 42 43 44 45 46 47 120 121 122 123 124 125 126 127 128 129 130 131 132 133 134 135 136 137 138 139 140 141 142 143 
Rank 93 current logical CPU: 135
Rank 94 running on computenode0
Rank 94 SLURM info: PROCID=94 LOCALID=94 NODEID=0
Rank 94 affinity mask: 48 49 50 51 52 53 54 55 56 57 58 59 60 61 62 63 64 65 66 67 68 69 70 71 144 145 146 147 148 149 150 151 152 153 154 155 156 157 158 159 160 161 162 163 164 165 166 167 
Rank 94 current logical CPU: 162
Rank 95 running on computenode0
Rank 95 SLURM info: PROCID=95 LOCALID=95 NODEID=0
Rank 95 affinity mask: 72 73 74 75 76 77 78 79 80 81 82 83 84 85 86 87 88 89 90 91 92 93 94 95 168 169 170 171 172 173 174 175 176 177 178 179 180 181 182 183 184 185 186 187 188 189 190 191 
Rank 95 current logical CPU: 92

# MPI Broadcast Benchmark
#
# Configuration
#   MPI ranks        : 96
#   Max message size : 16777216 bytes
#   Warmup iterations: 20
#   Small iterations : 1000
#   Large iterations : 100
#   MPI_Wtick        : 1.000000000e-09 seconds
#
# Metrics
#   Broadcast        : average per-iteration time of the slowest MPI rank
#   EffectiveBW      : aggregate data volume delivered to non-root ranks per unit time
#
# Size(Bytes)	Broadcast(us)	EffectiveBW(MiB/s)
       1 bytes      3.22 us     28.17 MiB/s
       2 bytes      3.25 us     55.74 MiB/s
       4 bytes      3.31 us    109.46 MiB/s
       8 bytes      3.32 us    218.56 MiB/s
      16 bytes      3.27 us    442.81 MiB/s
      32 bytes      3.31 us    877.06 MiB/s
      64 bytes      3.33 us   1741.44 MiB/s
     128 bytes      3.24 us   3581.23 MiB/s
     256 bytes      3.28 us   7078.07 MiB/s
     512 bytes      8.31 us   5584.64 MiB/s
    1024 bytes     36.84 us   2518.39 MiB/s
    2048 bytes     38.65 us   4801.23 MiB/s
    4096 bytes     58.41 us   6353.69 MiB/s
    8192 bytes     72.81 us  10193.48 MiB/s
   16384 bytes    121.14 us  12253.22 MiB/s
   32768 bytes    236.10 us  12574.35 MiB/s
   65536 bytes    521.48 us  11385.94 MiB/s
  131072 bytes   1069.32 us  11105.24 MiB/s
  262144 bytes   2176.07 us  10914.17 MiB/s
  524288 bytes   4379.36 us  10846.33 MiB/s
 1048576 bytes   8684.34 us  10939.24 MiB/s
 2097152 bytes  16574.24 us  11463.57 MiB/s
 4194304 bytes  20191.86 us  18819.47 MiB/s
 8388608 bytes  27584.47 us  27551.74 MiB/s
16777216 bytes  44158.06 us  34421.80 MiB/s
  Verification data:
    rank 0 : checksum=  2852126720  expected=  2852126720
    rank 1 : checksum=  2852126720  expected=  2852126720
    rank 2 : checksum=  2852126720  expected=  2852126720
    rank 3 : checksum=  2852126720  expected=  2852126720
    rank 4 : checksum=  2852126720  expected=  2852126720
    rank 5 : checksum=  2852126720  expected=  2852126720
    rank 6 : checksum=  2852126720  expected=  2852126720
    rank 7 : checksum=  2852126720  expected=  2852126720
    rank 8 : checksum=  2852126720  expected=  2852126720
    rank 9 : checksum=  2852126720  expected=  2852126720
    rank 10 : checksum=  2852126720  expected=  2852126720
    rank 11 : checksum=  2852126720  expected=  2852126720
    rank 12 : checksum=  2852126720  expected=  2852126720
    rank 13 : checksum=  2852126720  expected=  2852126720
    rank 14 : checksum=  2852126720  expected=  2852126720
    rank 15 : checksum=  2852126720  expected=  2852126720
    rank 16 : checksum=  2852126720  expected=  2852126720
    rank 17 : checksum=  2852126720  expected=  2852126720
    rank 18 : checksum=  2852126720  expected=  2852126720
    rank 19 : checksum=  2852126720  expected=  2852126720
    rank 20 : checksum=  2852126720  expected=  2852126720
    rank 21 : checksum=  2852126720  expected=  2852126720
    rank 22 : checksum=  2852126720  expected=  2852126720
    rank 23 : checksum=  2852126720  expected=  2852126720
    rank 24 : checksum=  2852126720  expected=  2852126720
    rank 25 : checksum=  2852126720  expected=  2852126720
    rank 26 : checksum=  2852126720  expected=  2852126720
    rank 27 : checksum=  2852126720  expected=  2852126720
    rank 28 : checksum=  2852126720  expected=  2852126720
    rank 29 : checksum=  2852126720  expected=  2852126720
    rank 30 : checksum=  2852126720  expected=  2852126720
    rank 31 : checksum=  2852126720  expected=  2852126720
    rank 32 : checksum=  2852126720  expected=  2852126720
    rank 33 : checksum=  2852126720  expected=  2852126720
    rank 34 : checksum=  2852126720  expected=  2852126720
    rank 35 : checksum=  2852126720  expected=  2852126720
    rank 36 : checksum=  2852126720  expected=  2852126720
    rank 37 : checksum=  2852126720  expected=  2852126720
    rank 38 : checksum=  2852126720  expected=  2852126720
    rank 39 : checksum=  2852126720  expected=  2852126720
    rank 40 : checksum=  2852126720  expected=  2852126720
    rank 41 : checksum=  2852126720  expected=  2852126720
    rank 42 : checksum=  2852126720  expected=  2852126720
    rank 43 : checksum=  2852126720  expected=  2852126720
    rank 44 : checksum=  2852126720  expected=  2852126720
    rank 45 : checksum=  2852126720  expected=  2852126720
    rank 46 : checksum=  2852126720  expected=  2852126720
    rank 47 : checksum=  2852126720  expected=  2852126720
    rank 48 : checksum=  2852126720  expected=  2852126720
    rank 49 : checksum=  2852126720  expected=  2852126720
    rank 50 : checksum=  2852126720  expected=  2852126720
    rank 51 : checksum=  2852126720  expected=  2852126720
    rank 52 : checksum=  2852126720  expected=  2852126720
    rank 53 : checksum=  2852126720  expected=  2852126720
    rank 54 : checksum=  2852126720  expected=  2852126720
    rank 55 : checksum=  2852126720  expected=  2852126720
    rank 56 : checksum=  2852126720  expected=  2852126720
    rank 57 : checksum=  2852126720  expected=  2852126720
    rank 58 : checksum=  2852126720  expected=  2852126720
    rank 59 : checksum=  2852126720  expected=  2852126720
    rank 60 : checksum=  2852126720  expected=  2852126720
    rank 61 : checksum=  2852126720  expected=  2852126720
    rank 62 : checksum=  2852126720  expected=  2852126720
    rank 63 : checksum=  2852126720  expected=  2852126720
    rank 64 : checksum=  2852126720  expected=  2852126720
    rank 65 : checksum=  2852126720  expected=  2852126720
    rank 66 : checksum=  2852126720  expected=  2852126720
    rank 67 : checksum=  2852126720  expected=  2852126720
    rank 68 : checksum=  2852126720  expected=  2852126720
    rank 69 : checksum=  2852126720  expected=  2852126720
    rank 70 : checksum=  2852126720  expected=  2852126720
    rank 71 : checksum=  2852126720  expected=  2852126720
    rank 72 : checksum=  2852126720  expected=  2852126720
    rank 73 : checksum=  2852126720  expected=  2852126720
    rank 74 : checksum=  2852126720  expected=  2852126720
    rank 75 : checksum=  2852126720  expected=  2852126720
    rank 76 : checksum=  2852126720  expected=  2852126720
    rank 77 : checksum=  2852126720  expected=  2852126720
    rank 78 : checksum=  2852126720  expected=  2852126720
    rank 79 : checksum=  2852126720  expected=  2852126720
    rank 80 : checksum=  2852126720  expected=  2852126720
    rank 81 : checksum=  2852126720  expected=  2852126720
    rank 82 : checksum=  2852126720  expected=  2852126720
    rank 83 : checksum=  2852126720  expected=  2852126720
    rank 84 : checksum=  2852126720  expected=  2852126720
    rank 85 : checksum=  2852126720  expected=  2852126720
    rank 86 : checksum=  2852126720  expected=  2852126720
    rank 87 : checksum=  2852126720  expected=  2852126720
    rank 88 : checksum=  2852126720  expected=  2852126720
    rank 89 : checksum=  2852126720  expected=  2852126720
    rank 90 : checksum=  2852126720  expected=  2852126720
    rank 91 : checksum=  2852126720  expected=  2852126720
    rank 92 : checksum=  2852126720  expected=  2852126720
    rank 93 : checksum=  2852126720  expected=  2852126720
    rank 94 : checksum=  2852126720  expected=  2852126720
    rank 95 : checksum=  2852126720  expected=  2852126720

==============================
 5) RANK-AWARE NUMA
==============================
Rank 0 running on computenode0
Rank 0 SLURM info: PROCID=0 LOCALID=0 NODEID=0
Rank 0 affinity mask: 0 1 2 3 4 5 6 7 8 9 10 11 12 13 14 15 16 17 18 19 20 21 22 23 96 97 98 99 100 101 102 103 104 105 106 107 108 109 110 111 112 113 114 115 116 117 118 119 
Rank 0 current logical CPU: 12
Rank 1 running on computenode0
Rank 1 SLURM info: PROCID=1 LOCALID=1 NODEID=0
Rank 1 affinity mask: 24 25 26 27 28 29 30 31 32 33 34 35 36 37 38 39 40 41 42 43 44 45 46 47 120 121 122 123 124 125 126 127 128 129 130 131 132 133 134 135 136 137 138 139 140 141 142 143 
Rank 1 current logical CPU: 125
Rank 2 running on computenode0
Rank 2 SLURM info: PROCID=2 LOCALID=2 NODEID=0
Rank 2 affinity mask: 48 49 50 51 52 53 54 55 56 57 58 59 60 61 62 63 64 65 66 67 68 69 70 71 144 145 146 147 148 149 150 151 152 153 154 155 156 157 158 159 160 161 162 163 164 165 166 167 
Rank 2 current logical CPU: 163
Rank 3 running on computenode0
Rank 3 SLURM info: PROCID=3 LOCALID=3 NODEID=0
Rank 3 affinity mask: 72 73 74 75 76 77 78 79 80 81 82 83 84 85 86 87 88 89 90 91 92 93 94 95 168 169 170 171 172 173 174 175 176 177 178 179 180 181 182 183 184 185 186 187 188 189 190 191 
Rank 3 current logical CPU: 79
Rank 4 running on computenode0
Rank 4 SLURM info: PROCID=4 LOCALID=4 NODEID=0
Rank 4 affinity mask: 0 1 2 3 4 5 6 7 8 9 10 11 12 13 14 15 16 17 18 19 20 21 22 23 96 97 98 99 100 101 102 103 104 105 106 107 108 109 110 111 112 113 114 115 116 117 118 119 
Rank 4 current logical CPU: 4
Rank 5 running on computenode0
Rank 5 SLURM info: PROCID=5 LOCALID=5 NODEID=0
Rank 5 affinity mask: 24 25 26 27 28 29 30 31 32 33 34 35 36 37 38 39 40 41 42 43 44 45 46 47 120 121 122 123 124 125 126 127 128 129 130 131 132 133 134 135 136 137 138 139 140 141 142 143 
Rank 5 current logical CPU: 47
Rank 6 running on computenode0
Rank 6 SLURM info: PROCID=6 LOCALID=6 NODEID=0
Rank 6 affinity mask: 48 49 50 51 52 53 54 55 56 57 58 59 60 61 62 63 64 65 66 67 68 69 70 71 144 145 146 147 148 149 150 151 152 153 154 155 156 157 158 159 160 161 162 163 164 165 166 167 
Rank 6 current logical CPU: 153
Rank 7 running on computenode0
Rank 7 SLURM info: PROCID=7 LOCALID=7 NODEID=0
Rank 7 affinity mask: 72 73 74 75 76 77 78 79 80 81 82 83 84 85 86 87 88 89 90 91 92 93 94 95 168 169 170 171 172 173 174 175 176 177 178 179 180 181 182 183 184 185 186 187 188 189 190 191 
Rank 7 current logical CPU: 179
Rank 8 running on computenode0
Rank 8 SLURM info: PROCID=8 LOCALID=8 NODEID=0
Rank 8 affinity mask: 0 1 2 3 4 5 6 7 8 9 10 11 12 13 14 15 16 17 18 19 20 21 22 23 96 97 98 99 100 101 102 103 104 105 106 107 108 109 110 111 112 113 114 115 116 117 118 119 
Rank 8 current logical CPU: 13
Rank 9 running on computenode0
Rank 9 SLURM info: PROCID=9 LOCALID=9 NODEID=0
Rank 9 affinity mask: 24 25 26 27 28 29 30 31 32 33 34 35 36 37 38 39 40 41 42 43 44 45 46 47 120 121 122 123 124 125 126 127 128 129 130 131 132 133 134 135 136 137 138 139 140 141 142 143 
Rank 9 current logical CPU: 43
Rank 10 running on computenode0
Rank 10 SLURM info: PROCID=10 LOCALID=10 NODEID=0
Rank 10 affinity mask: 48 49 50 51 52 53 54 55 56 57 58 59 60 61 62 63 64 65 66 67 68 69 70 71 144 145 146 147 148 149 150 151 152 153 154 155 156 157 158 159 160 161 162 163 164 165 166 167 
Rank 10 current logical CPU: 160
Rank 11 running on computenode0
Rank 11 SLURM info: PROCID=11 LOCALID=11 NODEID=0
Rank 11 affinity mask: 72 73 74 75 76 77 78 79 80 81 82 83 84 85 86 87 88 89 90 91 92 93 94 95 168 169 170 171 172 173 174 175 176 177 178 179 180 181 182 183 184 185 186 187 188 189 190 191 
Rank 11 current logical CPU: 82
Rank 12 running on computenode0
Rank 12 SLURM info: PROCID=12 LOCALID=12 NODEID=0
Rank 12 affinity mask: 0 1 2 3 4 5 6 7 8 9 10 11 12 13 14 15 16 17 18 19 20 21 22 23 96 97 98 99 100 101 102 103 104 105 106 107 108 109 110 111 112 113 114 115 116 117 118 119 
Rank 12 current logical CPU: 21
Rank 13 running on computenode0
Rank 13 SLURM info: PROCID=13 LOCALID=13 NODEID=0
Rank 13 affinity mask: 24 25 26 27 28 29 30 31 32 33 34 35 36 37 38 39 40 41 42 43 44 45 46 47 120 121 122 123 124 125 126 127 128 129 130 131 132 133 134 135 136 137 138 139 140 141 142 143 
Rank 13 current logical CPU: 127
Rank 14 running on computenode0
Rank 14 SLURM info: PROCID=14 LOCALID=14 NODEID=0
Rank 14 affinity mask: 48 49 50 51 52 53 54 55 56 57 58 59 60 61 62 63 64 65 66 67 68 69 70 71 144 145 146 147 148 149 150 151 152 153 154 155 156 157 158 159 160 161 162 163 164 165 166 167 
Rank 14 current logical CPU: 48
Rank 15 running on computenode0
Rank 15 SLURM info: PROCID=15 LOCALID=15 NODEID=0
Rank 15 affinity mask: 72 73 74 75 76 77 78 79 80 81 82 83 84 85 86 87 88 89 90 91 92 93 94 95 168 169 170 171 172 173 174 175 176 177 178 179 180 181 182 183 184 185 186 187 188 189 190 191 
Rank 15 current logical CPU: 189
Rank 16 running on computenode0
Rank 16 SLURM info: PROCID=16 LOCALID=16 NODEID=0
Rank 16 affinity mask: 0 1 2 3 4 5 6 7 8 9 10 11 12 13 14 15 16 17 18 19 20 21 22 23 96 97 98 99 100 101 102 103 104 105 106 107 108 109 110 111 112 113 114 115 116 117 118 119 
Rank 16 current logical CPU: 2
Rank 17 running on computenode0
Rank 17 SLURM info: PROCID=17 LOCALID=17 NODEID=0
Rank 17 affinity mask: 24 25 26 27 28 29 30 31 32 33 34 35 36 37 38 39 40 41 42 43 44 45 46 47 120 121 122 123 124 125 126 127 128 129 130 131 132 133 134 135 136 137 138 139 140 141 142 143 
Rank 17 current logical CPU: 30
Rank 18 running on computenode0
Rank 18 SLURM info: PROCID=18 LOCALID=18 NODEID=0
Rank 18 affinity mask: 48 49 50 51 52 53 54 55 56 57 58 59 60 61 62 63 64 65 66 67 68 69 70 71 144 145 146 147 148 149 150 151 152 153 154 155 156 157 158 159 160 161 162 163 164 165 166 167 
Rank 18 current logical CPU: 152
Rank 19 running on computenode0
Rank 19 SLURM info: PROCID=19 LOCALID=19 NODEID=0
Rank 19 affinity mask: 72 73 74 75 76 77 78 79 80 81 82 83 84 85 86 87 88 89 90 91 92 93 94 95 168 169 170 171 172 173 174 175 176 177 178 179 180 181 182 183 184 185 186 187 188 189 190 191 
Rank 19 current logical CPU: 171
Rank 20 running on computenode0
Rank 20 SLURM info: PROCID=20 LOCALID=20 NODEID=0
Rank 20 affinity mask: 0 1 2 3 4 5 6 7 8 9 10 11 12 13 14 15 16 17 18 19 20 21 22 23 96 97 98 99 100 101 102 103 104 105 106 107 108 109 110 111 112 113 114 115 116 117 118 119 
Rank 20 current logical CPU: 113
Rank 21 running on computenode0
Rank 21 SLURM info: PROCID=21 LOCALID=21 NODEID=0
Rank 21 affinity mask: 24 25 26 27 28 29 30 31 32 33 34 35 36 37 38 39 40 41 42 43 44 45 46 47 120 121 122 123 124 125 126 127 128 129 130 131 132 133 134 135 136 137 138 139 140 141 142 143 
Rank 21 current logical CPU: 141
Rank 22 running on computenode0
Rank 22 SLURM info: PROCID=22 LOCALID=22 NODEID=0
Rank 22 affinity mask: 48 49 50 51 52 53 54 55 56 57 58 59 60 61 62 63 64 65 66 67 68 69 70 71 144 145 146 147 148 149 150 151 152 153 154 155 156 157 158 159 160 161 162 163 164 165 166 167 
Rank 22 current logical CPU: 63
Rank 23 running on computenode0
Rank 23 SLURM info: PROCID=23 LOCALID=23 NODEID=0
Rank 23 affinity mask: 72 73 74 75 76 77 78 79 80 81 82 83 84 85 86 87 88 89 90 91 92 93 94 95 168 169 170 171 172 173 174 175 176 177 178 179 180 181 182 183 184 185 186 187 188 189 190 191 
Rank 23 current logical CPU: 78
Rank 24 running on computenode0
Rank 24 SLURM info: PROCID=24 LOCALID=24 NODEID=0
Rank 24 affinity mask: 0 1 2 3 4 5 6 7 8 9 10 11 12 13 14 15 16 17 18 19 20 21 22 23 96 97 98 99 100 101 102 103 104 105 106 107 108 109 110 111 112 113 114 115 116 117 118 119 
Rank 24 current logical CPU: 18
Rank 25 running on computenode0
Rank 25 SLURM info: PROCID=25 LOCALID=25 NODEID=0
Rank 25 affinity mask: 24 25 26 27 28 29 30 31 32 33 34 35 36 37 38 39 40 41 42 43 44 45 46 47 120 121 122 123 124 125 126 127 128 129 130 131 132 133 134 135 136 137 138 139 140 141 142 143 
Rank 25 current logical CPU: 133
Rank 26 running on computenode0
Rank 26 SLURM info: PROCID=26 LOCALID=26 NODEID=0
Rank 26 affinity mask: 48 49 50 51 52 53 54 55 56 57 58 59 60 61 62 63 64 65 66 67 68 69 70 71 144 145 146 147 148 149 150 151 152 153 154 155 156 157 158 159 160 161 162 163 164 165 166 167 
Rank 26 current logical CPU: 69
Rank 27 running on computenode0
Rank 27 SLURM info: PROCID=27 LOCALID=27 NODEID=0
Rank 27 affinity mask: 72 73 74 75 76 77 78 79 80 81 82 83 84 85 86 87 88 89 90 91 92 93 94 95 168 169 170 171 172 173 174 175 176 177 178 179 180 181 182 183 184 185 186 187 188 189 190 191 
Rank 27 current logical CPU: 176
Rank 28 running on computenode0
Rank 28 SLURM info: PROCID=28 LOCALID=28 NODEID=0
Rank 28 affinity mask: 0 1 2 3 4 5 6 7 8 9 10 11 12 13 14 15 16 17 18 19 20 21 22 23 96 97 98 99 100 101 102 103 104 105 106 107 108 109 110 111 112 113 114 115 116 117 118 119 
Rank 28 current logical CPU: 14
Rank 29 running on computenode0
Rank 29 SLURM info: PROCID=29 LOCALID=29 NODEID=0
Rank 29 affinity mask: 24 25 26 27 28 29 30 31 32 33 34 35 36 37 38 39 40 41 42 43 44 45 46 47 120 121 122 123 124 125 126 127 128 129 130 131 132 133 134 135 136 137 138 139 140 141 142 143 
Rank 29 current logical CPU: 36
Rank 30 running on computenode0
Rank 30 SLURM info: PROCID=30 LOCALID=30 NODEID=0
Rank 30 affinity mask: 48 49 50 51 52 53 54 55 56 57 58 59 60 61 62 63 64 65 66 67 68 69 70 71 144 145 146 147 148 149 150 151 152 153 154 155 156 157 158 159 160 161 162 163 164 165 166 167 
Rank 30 current logical CPU: 145
Rank 31 running on computenode0
Rank 31 SLURM info: PROCID=31 LOCALID=31 NODEID=0
Rank 31 affinity mask: 72 73 74 75 76 77 78 79 80 81 82 83 84 85 86 87 88 89 90 91 92 93 94 95 168 169 170 171 172 173 174 175 176 177 178 179 180 181 182 183 184 185 186 187 188 189 190 191 
Rank 31 current logical CPU: 182
Rank 32 running on computenode0
Rank 32 SLURM info: PROCID=32 LOCALID=32 NODEID=0
Rank 32 affinity mask: 0 1 2 3 4 5 6 7 8 9 10 11 12 13 14 15 16 17 18 19 20 21 22 23 96 97 98 99 100 101 102 103 104 105 106 107 108 109 110 111 112 113 114 115 116 117 118 119 
Rank 32 current logical CPU: 116
Rank 33 running on computenode0
Rank 33 SLURM info: PROCID=33 LOCALID=33 NODEID=0
Rank 33 affinity mask: 24 25 26 27 28 29 30 31 32 33 34 35 36 37 38 39 40 41 42 43 44 45 46 47 120 121 122 123 124 125 126 127 128 129 130 131 132 133 134 135 136 137 138 139 140 141 142 143 
Rank 33 current logical CPU: 44
Rank 34 running on computenode0
Rank 34 SLURM info: PROCID=34 LOCALID=34 NODEID=0
Rank 34 affinity mask: 48 49 50 51 52 53 54 55 56 57 58 59 60 61 62 63 64 65 66 67 68 69 70 71 144 145 146 147 148 149 150 151 152 153 154 155 156 157 158 159 160 161 162 163 164 165 166 167 
Rank 34 current logical CPU: 149
Rank 35 running on computenode0
Rank 35 SLURM info: PROCID=35 LOCALID=35 NODEID=0
Rank 35 affinity mask: 72 73 74 75 76 77 78 79 80 81 82 83 84 85 86 87 88 89 90 91 92 93 94 95 168 169 170 171 172 173 174 175 176 177 178 179 180 181 182 183 184 185 186 187 188 189 190 191 
Rank 35 current logical CPU: 185
Rank 36 running on computenode0
Rank 36 SLURM info: PROCID=36 LOCALID=36 NODEID=0
Rank 36 affinity mask: 0 1 2 3 4 5 6 7 8 9 10 11 12 13 14 15 16 17 18 19 20 21 22 23 96 97 98 99 100 101 102 103 104 105 106 107 108 109 110 111 112 113 114 115 116 117 118 119 
Rank 36 current logical CPU: 0
Rank 37 running on computenode0
Rank 37 SLURM info: PROCID=37 LOCALID=37 NODEID=0
Rank 37 affinity mask: 24 25 26 27 28 29 30 31 32 33 34 35 36 37 38 39 40 41 42 43 44 45 46 47 120 121 122 123 124 125 126 127 128 129 130 131 132 133 134 135 136 137 138 139 140 141 142 143 
Rank 37 current logical CPU: 33
Rank 38 running on computenode0
Rank 38 SLURM info: PROCID=38 LOCALID=38 NODEID=0
Rank 38 affinity mask: 48 49 50 51 52 53 54 55 56 57 58 59 60 61 62 63 64 65 66 67 68 69 70 71 144 145 146 147 148 149 150 151 152 153 154 155 156 157 158 159 160 161 162 163 164 165 166 167 
Rank 38 current logical CPU: 164
Rank 39 running on computenode0
Rank 39 SLURM info: PROCID=39 LOCALID=39 NODEID=0
Rank 39 affinity mask: 72 73 74 75 76 77 78 79 80 81 82 83 84 85 86 87 88 89 90 91 92 93 94 95 168 169 170 171 172 173 174 175 176 177 178 179 180 181 182 183 184 185 186 187 188 189 190 191 
Rank 39 current logical CPU: 187
Rank 40 running on computenode0
Rank 40 SLURM info: PROCID=40 LOCALID=40 NODEID=0
Rank 40 affinity mask: 0 1 2 3 4 5 6 7 8 9 10 11 12 13 14 15 16 17 18 19 20 21 22 23 96 97 98 99 100 101 102 103 104 105 106 107 108 109 110 111 112 113 114 115 116 117 118 119 
Rank 40 current logical CPU: 15
Rank 41 running on computenode0
Rank 41 SLURM info: PROCID=41 LOCALID=41 NODEID=0
Rank 41 affinity mask: 24 25 26 27 28 29 30 31 32 33 34 35 36 37 38 39 40 41 42 43 44 45 46 47 120 121 122 123 124 125 126 127 128 129 130 131 132 133 134 135 136 137 138 139 140 141 142 143 
Rank 41 current logical CPU: 135
Rank 42 running on computenode0
Rank 42 SLURM info: PROCID=42 LOCALID=42 NODEID=0
Rank 42 affinity mask: 48 49 50 51 52 53 54 55 56 57 58 59 60 61 62 63 64 65 66 67 68 69 70 71 144 145 146 147 148 149 150 151 152 153 154 155 156 157 158 159 160 161 162 163 164 165 166 167 
Rank 42 current logical CPU: 51
Rank 43 running on computenode0
Rank 43 SLURM info: PROCID=43 LOCALID=43 NODEID=0
Rank 43 affinity mask: 72 73 74 75 76 77 78 79 80 81 82 83 84 85 86 87 88 89 90 91 92 93 94 95 168 169 170 171 172 173 174 175 176 177 178 179 180 181 182 183 184 185 186 187 188 189 190 191 
Rank 43 current logical CPU: 90
Rank 44 running on computenode0
Rank 44 SLURM info: PROCID=44 LOCALID=44 NODEID=0
Rank 44 affinity mask: 0 1 2 3 4 5 6 7 8 9 10 11 12 13 14 15 16 17 18 19 20 21 22 23 96 97 98 99 100 101 102 103 104 105 106 107 108 109 110 111 112 113 114 115 116 117 118 119 
Rank 44 current logical CPU: 96
Rank 45 running on computenode0
Rank 45 SLURM info: PROCID=45 LOCALID=45 NODEID=0
Rank 45 affinity mask: 24 25 26 27 28 29 30 31 32 33 34 35 36 37 38 39 40 41 42 43 44 45 46 47 120 121 122 123 124 125 126 127 128 129 130 131 132 133 134 135 136 137 138 139 140 141 142 143 
Rank 45 current logical CPU: 24
Rank 46 running on computenode0
Rank 46 SLURM info: PROCID=46 LOCALID=46 NODEID=0
Rank 46 affinity mask: 48 49 50 51 52 53 54 55 56 57 58 59 60 61 62 63 64 65 66 67 68 69 70 71 144 145 146 147 148 149 150 151 152 153 154 155 156 157 158 159 160 161 162 163 164 165 166 167 
Rank 46 current logical CPU: 155
Rank 47 running on computenode0
Rank 47 SLURM info: PROCID=47 LOCALID=47 NODEID=0
Rank 47 affinity mask: 72 73 74 75 76 77 78 79 80 81 82 83 84 85 86 87 88 89 90 91 92 93 94 95 168 169 170 171 172 173 174 175 176 177 178 179 180 181 182 183 184 185 186 187 188 189 190 191 
Rank 47 current logical CPU: 87
Rank 48 running on computenode0
Rank 48 SLURM info: PROCID=48 LOCALID=48 NODEID=0
Rank 48 affinity mask: 0 1 2 3 4 5 6 7 8 9 10 11 12 13 14 15 16 17 18 19 20 21 22 23 96 97 98 99 100 101 102 103 104 105 106 107 108 109 110 111 112 113 114 115 116 117 118 119 
Rank 48 current logical CPU: 112
Rank 49 running on computenode0
Rank 49 SLURM info: PROCID=49 LOCALID=49 NODEID=0
Rank 49 affinity mask: 24 25 26 27 28 29 30 31 32 33 34 35 36 37 38 39 40 41 42 43 44 45 46 47 120 121 122 123 124 125 126 127 128 129 130 131 132 133 134 135 136 137 138 139 140 141 142 143 
Rank 49 current logical CPU: 121
Rank 50 running on computenode0
Rank 50 SLURM info: PROCID=50 LOCALID=50 NODEID=0
Rank 50 affinity mask: 48 49 50 51 52 53 54 55 56 57 58 59 60 61 62 63 64 65 66 67 68 69 70 71 144 145 146 147 148 149 150 151 152 153 154 155 156 157 158 159 160 161 162 163 164 165 166 167 
Rank 50 current logical CPU: 58
Rank 51 running on computenode0
Rank 51 SLURM info: PROCID=51 LOCALID=51 NODEID=0
Rank 51 affinity mask: 72 73 74 75 76 77 78 79 80 81 82 83 84 85 86 87 88 89 90 91 92 93 94 95 168 169 170 171 172 173 174 175 176 177 178 179 180 181 182 183 184 185 186 187 188 189 190 191 
Rank 51 current logical CPU: 73
Rank 52 running on computenode0
Rank 52 SLURM info: PROCID=52 LOCALID=52 NODEID=0
Rank 52 affinity mask: 0 1 2 3 4 5 6 7 8 9 10 11 12 13 14 15 16 17 18 19 20 21 22 23 96 97 98 99 100 101 102 103 104 105 106 107 108 109 110 111 112 113 114 115 116 117 118 119 
Rank 52 current logical CPU: 1
Rank 53 running on computenode0
Rank 53 SLURM info: PROCID=53 LOCALID=53 NODEID=0
Rank 53 affinity mask: 24 25 26 27 28 29 30 31 32 33 34 35 36 37 38 39 40 41 42 43 44 45 46 47 120 121 122 123 124 125 126 127 128 129 130 131 132 133 134 135 136 137 138 139 140 141 142 143 
Rank 53 current logical CPU: 38
Rank 54 running on computenode0
Rank 54 SLURM info: PROCID=54 LOCALID=54 NODEID=0
Rank 54 affinity mask: 48 49 50 51 52 53 54 55 56 57 58 59 60 61 62 63 64 65 66 67 68 69 70 71 144 145 146 147 148 149 150 151 152 153 154 155 156 157 158 159 160 161 162 163 164 165 166 167 
Rank 54 current logical CPU: 62
Rank 55 running on computenode0
Rank 55 SLURM info: PROCID=55 LOCALID=55 NODEID=0
Rank 55 affinity mask: 72 73 74 75 76 77 78 79 80 81 82 83 84 85 86 87 88 89 90 91 92 93 94 95 168 169 170 171 172 173 174 175 176 177 178 179 180 181 182 183 184 185 186 187 188 189 190 191 
Rank 55 current logical CPU: 173
Rank 56 running on computenode0
Rank 56 SLURM info: PROCID=56 LOCALID=56 NODEID=0
Rank 56 affinity mask: 0 1 2 3 4 5 6 7 8 9 10 11 12 13 14 15 16 17 18 19 20 21 22 23 96 97 98 99 100 101 102 103 104 105 106 107 108 109 110 111 112 113 114 115 116 117 118 119 
Rank 56 current logical CPU: 22
Rank 57 running on computenode0
Rank 57 SLURM info: PROCID=57 LOCALID=57 NODEID=0
Rank 57 affinity mask: 24 25 26 27 28 29 30 31 32 33 34 35 36 37 38 39 40 41 42 43 44 45 46 47 120 121 122 123 124 125 126 127 128 129 130 131 132 133 134 135 136 137 138 139 140 141 142 143 
Rank 57 current logical CPU: 27
Rank 58 running on computenode0
Rank 58 SLURM info: PROCID=58 LOCALID=58 NODEID=0
Rank 58 affinity mask: 48 49 50 51 52 53 54 55 56 57 58 59 60 61 62 63 64 65 66 67 68 69 70 71 144 145 146 147 148 149 150 151 152 153 154 155 156 157 158 159 160 161 162 163 164 165 166 167 
Rank 58 current logical CPU: 71
Rank 59 running on computenode0
Rank 59 SLURM info: PROCID=59 LOCALID=59 NODEID=0
Rank 59 affinity mask: 72 73 74 75 76 77 78 79 80 81 82 83 84 85 86 87 88 89 90 91 92 93 94 95 168 169 170 171 172 173 174 175 176 177 178 179 180 181 182 183 184 185 186 187 188 189 190 191 
Rank 59 current logical CPU: 83
Rank 60 running on computenode0
Rank 60 SLURM info: PROCID=60 LOCALID=60 NODEID=0
Rank 60 affinity mask: 0 1 2 3 4 5 6 7 8 9 10 11 12 13 14 15 16 17 18 19 20 21 22 23 96 97 98 99 100 101 102 103 104 105 106 107 108 109 110 111 112 113 114 115 116 117 118 119 
Rank 60 current logical CPU: 107
Rank 61 running on computenode0
Rank 61 SLURM info: PROCID=61 LOCALID=61 NODEID=0
Rank 61 affinity mask: 24 25 26 27 28 29 30 31 32 33 34 35 36 37 38 39 40 41 42 43 44 45 46 47 120 121 122 123 124 125 126 127 128 129 130 131 132 133 134 135 136 137 138 139 140 141 142 143 
Rank 61 current logical CPU: 42
Rank 62 running on computenode0
Rank 62 SLURM info: PROCID=62 LOCALID=62 NODEID=0
Rank 62 affinity mask: 48 49 50 51 52 53 54 55 56 57 58 59 60 61 62 63 64 65 66 67 68 69 70 71 144 145 146 147 148 149 150 151 152 153 154 155 156 157 158 159 160 161 162 163 164 165 166 167 
Rank 62 current logical CPU: 65
Rank 63 running on computenode0
Rank 63 SLURM info: PROCID=63 LOCALID=63 NODEID=0
Rank 63 affinity mask: 72 73 74 75 76 77 78 79 80 81 82 83 84 85 86 87 88 89 90 91 92 93 94 95 168 169 170 171 172 173 174 175 176 177 178 179 180 181 182 183 184 185 186 187 188 189 190 191 
Rank 63 current logical CPU: 170
Rank 64 running on computenode0
Rank 64 SLURM info: PROCID=64 LOCALID=64 NODEID=0
Rank 64 affinity mask: 0 1 2 3 4 5 6 7 8 9 10 11 12 13 14 15 16 17 18 19 20 21 22 23 96 97 98 99 100 101 102 103 104 105 106 107 108 109 110 111 112 113 114 115 116 117 118 119 
Rank 64 current logical CPU: 104
Rank 65 running on computenode0
Rank 65 SLURM info: PROCID=65 LOCALID=65 NODEID=0
Rank 65 affinity mask: 24 25 26 27 28 29 30 31 32 33 34 35 36 37 38 39 40 41 42 43 44 45 46 47 120 121 122 123 124 125 126 127 128 129 130 131 132 133 134 135 136 137 138 139 140 141 142 143 
Rank 65 current logical CPU: 26
Rank 66 running on computenode0
Rank 66 SLURM info: PROCID=66 LOCALID=66 NODEID=0
Rank 66 affinity mask: 48 49 50 51 52 53 54 55 56 57 58 59 60 61 62 63 64 65 66 67 68 69 70 71 144 145 146 147 148 149 150 151 152 153 154 155 156 157 158 159 160 161 162 163 164 165 166 167 
Rank 66 current logical CPU: 60
Rank 67 running on computenode0
Rank 67 SLURM info: PROCID=67 LOCALID=67 NODEID=0
Rank 67 affinity mask: 72 73 74 75 76 77 78 79 80 81 82 83 84 85 86 87 88 89 90 91 92 93 94 95 168 169 170 171 172 173 174 175 176 177 178 179 180 181 182 183 184 185 186 187 188 189 190 191 
Rank 67 current logical CPU: 84
Rank 68 running on computenode0
Rank 68 SLURM info: PROCID=68 LOCALID=68 NODEID=0
Rank 68 affinity mask: 0 1 2 3 4 5 6 7 8 9 10 11 12 13 14 15 16 17 18 19 20 21 22 23 96 97 98 99 100 101 102 103 104 105 106 107 108 109 110 111 112 113 114 115 116 117 118 119 
Rank 68 current logical CPU: 105
Rank 69 running on computenode0
Rank 69 SLURM info: PROCID=69 LOCALID=69 NODEID=0
Rank 69 affinity mask: 24 25 26 27 28 29 30 31 32 33 34 35 36 37 38 39 40 41 42 43 44 45 46 47 120 121 122 123 124 125 126 127 128 129 130 131 132 133 134 135 136 137 138 139 140 141 142 143 
Rank 69 current logical CPU: 46
Rank 70 running on computenode0
Rank 70 SLURM info: PROCID=70 LOCALID=70 NODEID=0
Rank 70 affinity mask: 48 49 50 51 52 53 54 55 56 57 58 59 60 61 62 63 64 65 66 67 68 69 70 71 144 145 146 147 148 149 150 151 152 153 154 155 156 157 158 159 160 161 162 163 164 165 166 167 
Rank 70 current logical CPU: 61
Rank 71 running on computenode0
Rank 71 SLURM info: PROCID=71 LOCALID=71 NODEID=0
Rank 71 affinity mask: 72 73 74 75 76 77 78 79 80 81 82 83 84 85 86 87 88 89 90 91 92 93 94 95 168 169 170 171 172 173 174 175 176 177 178 179 180 181 182 183 184 185 186 187 188 189 190 191 
Rank 71 current logical CPU: 92
Rank 72 running on computenode0
Rank 72 SLURM info: PROCID=72 LOCALID=72 NODEID=0
Rank 72 affinity mask: 0 1 2 3 4 5 6 7 8 9 10 11 12 13 14 15 16 17 18 19 20 21 22 23 96 97 98 99 100 101 102 103 104 105 106 107 108 109 110 111 112 113 114 115 116 117 118 119 
Rank 72 current logical CPU: 6
Rank 73 running on computenode0
Rank 73 SLURM info: PROCID=73 LOCALID=73 NODEID=0
Rank 73 affinity mask: 24 25 26 27 28 29 30 31 32 33 34 35 36 37 38 39 40 41 42 43 44 45 46 47 120 121 122 123 124 125 126 127 128 129 130 131 132 133 134 135 136 137 138 139 140 141 142 143 
Rank 73 current logical CPU: 124
Rank 74 running on computenode0
Rank 74 SLURM info: PROCID=74 LOCALID=74 NODEID=0
Rank 74 affinity mask: 48 49 50 51 52 53 54 55 56 57 58 59 60 61 62 63 64 65 66 67 68 69 70 71 144 145 146 147 148 149 150 151 152 153 154 155 156 157 158 159 160 161 162 163 164 165 166 167 
Rank 74 current logical CPU: 50
Rank 75 running on computenode0
Rank 75 SLURM info: PROCID=75 LOCALID=75 NODEID=0
Rank 75 affinity mask: 72 73 74 75 76 77 78 79 80 81 82 83 84 85 86 87 88 89 90 91 92 93 94 95 168 169 170 171 172 173 174 175 176 177 178 179 180 181 182 183 184 185 186 187 188 189 190 191 
Rank 75 current logical CPU: 94
Rank 76 running on computenode0
Rank 76 SLURM info: PROCID=76 LOCALID=76 NODEID=0
Rank 76 affinity mask: 0 1 2 3 4 5 6 7 8 9 10 11 12 13 14 15 16 17 18 19 20 21 22 23 96 97 98 99 100 101 102 103 104 105 106 107 108 109 110 111 112 113 114 115 116 117 118 119 
Rank 76 current logical CPU: 101
Rank 77 running on computenode0
Rank 77 SLURM info: PROCID=77 LOCALID=77 NODEID=0
Rank 77 affinity mask: 24 25 26 27 28 29 30 31 32 33 34 35 36 37 38 39 40 41 42 43 44 45 46 47 120 121 122 123 124 125 126 127 128 129 130 131 132 133 134 135 136 137 138 139 140 141 142 143 
Rank 77 current logical CPU: 40
Rank 78 running on computenode0
Rank 78 SLURM info: PROCID=78 LOCALID=78 NODEID=0
Rank 78 affinity mask: 48 49 50 51 52 53 54 55 56 57 58 59 60 61 62 63 64 65 66 67 68 69 70 71 144 145 146 147 148 149 150 151 152 153 154 155 156 157 158 159 160 161 162 163 164 165 166 167 
Rank 78 current logical CPU: 165
Rank 79 running on computenode0
Rank 79 SLURM info: PROCID=79 LOCALID=79 NODEID=0
Rank 79 affinity mask: 72 73 74 75 76 77 78 79 80 81 82 83 84 85 86 87 88 89 90 91 92 93 94 95 168 169 170 171 172 173 174 175 176 177 178 179 180 181 182 183 184 185 186 187 188 189 190 191 
Rank 79 current logical CPU: 172
Rank 80 running on computenode0
Rank 80 SLURM info: PROCID=80 LOCALID=80 NODEID=0
Rank 80 affinity mask: 0 1 2 3 4 5 6 7 8 9 10 11 12 13 14 15 16 17 18 19 20 21 22 23 96 97 98 99 100 101 102 103 104 105 106 107 108 109 110 111 112 113 114 115 116 117 118 119 
Rank 80 current logical CPU: 3
Rank 81 running on computenode0
Rank 81 SLURM info: PROCID=81 LOCALID=81 NODEID=0
Rank 81 affinity mask: 24 25 26 27 28 29 30 31 32 33 34 35 36 37 38 39 40 41 42 43 44 45 46 47 120 121 122 123 124 125 126 127 128 129 130 131 132 133 134 135 136 137 138 139 140 141 142 143 
Rank 81 current logical CPU: 136
Rank 82 running on computenode0
Rank 82 SLURM info: PROCID=82 LOCALID=82 NODEID=0
Rank 82 affinity mask: 48 49 50 51 52 53 54 55 56 57 58 59 60 61 62 63 64 65 66 67 68 69 70 71 144 145 146 147 148 149 150 151 152 153 154 155 156 157 158 159 160 161 162 163 164 165 166 167 
Rank 82 current logical CPU: 162
Rank 83 running on computenode0
Rank 83 SLURM info: PROCID=83 LOCALID=83 NODEID=0
Rank 83 affinity mask: 72 73 74 75 76 77 78 79 80 81 82 83 84 85 86 87 88 89 90 91 92 93 94 95 168 169 170 171 172 173 174 175 176 177 178 179 180 181 182 183 184 185 186 187 188 189 190 191 
Rank 83 current logical CPU: 191
Rank 84 running on computenode0
Rank 84 SLURM info: PROCID=84 LOCALID=84 NODEID=0
Rank 84 affinity mask: 0 1 2 3 4 5 6 7 8 9 10 11 12 13 14 15 16 17 18 19 20 21 22 23 96 97 98 99 100 101 102 103 104 105 106 107 108 109 110 111 112 113 114 115 116 117 118 119 
Rank 84 current logical CPU: 23
Rank 85 running on computenode0
Rank 85 SLURM info: PROCID=85 LOCALID=85 NODEID=0
Rank 85 affinity mask: 24 25 26 27 28 29 30 31 32 33 34 35 36 37 38 39 40 41 42 43 44 45 46 47 120 121 122 123 124 125 126 127 128 129 130 131 132 133 134 135 136 137 138 139 140 141 142 143 
Rank 85 current logical CPU: 34
Rank 86 running on computenode0
Rank 86 SLURM info: PROCID=86 LOCALID=86 NODEID=0
Rank 86 affinity mask: 48 49 50 51 52 53 54 55 56 57 58 59 60 61 62 63 64 65 66 67 68 69 70 71 144 145 146 147 148 149 150 151 152 153 154 155 156 157 158 159 160 161 162 163 164 165 166 167 
Rank 86 current logical CPU: 70
Rank 87 running on computenode0
Rank 87 SLURM info: PROCID=87 LOCALID=87 NODEID=0
Rank 87 affinity mask: 72 73 74 75 76 77 78 79 80 81 82 83 84 85 86 87 88 89 90 91 92 93 94 95 168 169 170 171 172 173 174 175 176 177 178 179 180 181 182 183 184 185 186 187 188 189 190 191 
Rank 87 current logical CPU: 184
Rank 88 running on computenode0
Rank 88 SLURM info: PROCID=88 LOCALID=88 NODEID=0
Rank 88 affinity mask: 0 1 2 3 4 5 6 7 8 9 10 11 12 13 14 15 16 17 18 19 20 21 22 23 96 97 98 99 100 101 102 103 104 105 106 107 108 109 110 111 112 113 114 115 116 117 118 119 
Rank 88 current logical CPU: 103
Rank 89 running on computenode0
Rank 89 SLURM info: PROCID=89 LOCALID=89 NODEID=0
Rank 89 affinity mask: 24 25 26 27 28 29 30 31 32 33 34 35 36 37 38 39 40 41 42 43 44 45 46 47 120 121 122 123 124 125 126 127 128 129 130 131 132 133 134 135 136 137 138 139 140 141 142 143 
Rank 89 current logical CPU: 35
Rank 90 running on computenode0
Rank 90 SLURM info: PROCID=90 LOCALID=90 NODEID=0
Rank 90 affinity mask: 48 49 50 51 52 53 54 55 56 57 58 59 60 61 62 63 64 65 66 67 68 69 70 71 144 145 146 147 148 149 150 151 152 153 154 155 156 157 158 159 160 161 162 163 164 165 166 167 
Rank 90 current logical CPU: 55
Rank 91 running on computenode0
Rank 91 SLURM info: PROCID=91 LOCALID=91 NODEID=0
Rank 91 affinity mask: 72 73 74 75 76 77 78 79 80 81 82 83 84 85 86 87 88 89 90 91 92 93 94 95 168 169 170 171 172 173 174 175 176 177 178 179 180 181 182 183 184 185 186 187 188 189 190 191 
Rank 91 current logical CPU: 72
Rank 92 running on computenode0
Rank 92 SLURM info: PROCID=92 LOCALID=92 NODEID=0
Rank 92 affinity mask: 0 1 2 3 4 5 6 7 8 9 10 11 12 13 14 15 16 17 18 19 20 21 22 23 96 97 98 99 100 101 102 103 104 105 106 107 108 109 110 111 112 113 114 115 116 117 118 119 
Rank 92 current logical CPU: 19
Rank 93 running on computenode0
Rank 93 SLURM info: PROCID=93 LOCALID=93 NODEID=0
Rank 93 affinity mask: 24 25 26 27 28 29 30 31 32 33 34 35 36 37 38 39 40 41 42 43 44 45 46 47 120 121 122 123 124 125 126 127 128 129 130 131 132 133 134 135 136 137 138 139 140 141 142 143 
Rank 93 current logical CPU: 137
Rank 94 running on computenode0
Rank 94 SLURM info: PROCID=94 LOCALID=94 NODEID=0
Rank 94 affinity mask: 48 49 50 51 52 53 54 55 56 57 58 59 60 61 62 63 64 65 66 67 68 69 70 71 144 145 146 147 148 149 150 151 152 153 154 155 156 157 158 159 160 161 162 163 164 165 166 167 
Rank 94 current logical CPU: 150
Rank 95 running on computenode0
Rank 95 SLURM info: PROCID=95 LOCALID=95 NODEID=0
Rank 95 affinity mask: 72 73 74 75 76 77 78 79 80 81 82 83 84 85 86 87 88 89 90 91 92 93 94 95 168 169 170 171 172 173 174 175 176 177 178 179 180 181 182 183 184 185 186 187 188 189 190 191 
Rank 95 current logical CPU: 181

# MPI Broadcast Benchmark
#
# Configuration
#   MPI ranks        : 96
#   Max message size : 16777216 bytes
#   Warmup iterations: 20
#   Small iterations : 1000
#   Large iterations : 100
#   MPI_Wtick        : 1.000000000e-09 seconds
#
# Metrics
#   Broadcast        : average per-iteration time of the slowest MPI rank
#   EffectiveBW      : aggregate data volume delivered to non-root ranks per unit time
#
# Size(Bytes)	Broadcast(us)	EffectiveBW(MiB/s)
       1 bytes      4.34 us     20.88 MiB/s
       2 bytes      3.71 us     48.78 MiB/s
       4 bytes      3.78 us     95.84 MiB/s
       8 bytes      3.73 us    194.40 MiB/s
      16 bytes      3.80 us    381.66 MiB/s
      32 bytes      3.86 us    750.82 MiB/s
      64 bytes      3.73 us   1553.91 MiB/s
     128 bytes      4.00 us   2896.00 MiB/s
     256 bytes      4.38 us   5298.10 MiB/s
     512 bytes      7.69 us   6029.57 MiB/s
    1024 bytes     34.96 us   2653.45 MiB/s
    2048 bytes     39.79 us   4663.10 MiB/s
    4096 bytes     58.60 us   6332.62 MiB/s
    8192 bytes     69.71 us  10646.41 MiB/s
   16384 bytes    116.14 us  12780.78 MiB/s
   32768 bytes    226.94 us  13081.38 MiB/s
   65536 bytes    549.57 us  10803.99 MiB/s
  131072 bytes   1122.18 us  10582.08 MiB/s
  262144 bytes   2226.58 us  10666.56 MiB/s
  524288 bytes   4488.50 us  10582.61 MiB/s
 1048576 bytes   7956.32 us  11940.19 MiB/s
 2097152 bytes  13215.37 us  14377.20 MiB/s
 4194304 bytes  16815.61 us  22598.05 MiB/s
 8388608 bytes  24324.87 us  31243.74 MiB/s
16777216 bytes  40963.57 us  37106.14 MiB/s
  Verification data:
    rank 0 : checksum=  2852126720  expected=  2852126720
    rank 1 : checksum=  2852126720  expected=  2852126720
    rank 2 : checksum=  2852126720  expected=  2852126720
    rank 3 : checksum=  2852126720  expected=  2852126720
    rank 4 : checksum=  2852126720  expected=  2852126720
    rank 5 : checksum=  2852126720  expected=  2852126720
    rank 6 : checksum=  2852126720  expected=  2852126720
    rank 7 : checksum=  2852126720  expected=  2852126720
    rank 8 : checksum=  2852126720  expected=  2852126720
    rank 9 : checksum=  2852126720  expected=  2852126720
    rank 10 : checksum=  2852126720  expected=  2852126720
    rank 11 : checksum=  2852126720  expected=  2852126720
    rank 12 : checksum=  2852126720  expected=  2852126720
    rank 13 : checksum=  2852126720  expected=  2852126720
    rank 14 : checksum=  2852126720  expected=  2852126720
    rank 15 : checksum=  2852126720  expected=  2852126720
    rank 16 : checksum=  2852126720  expected=  2852126720
    rank 17 : checksum=  2852126720  expected=  2852126720
    rank 18 : checksum=  2852126720  expected=  2852126720
    rank 19 : checksum=  2852126720  expected=  2852126720
    rank 20 : checksum=  2852126720  expected=  2852126720
    rank 21 : checksum=  2852126720  expected=  2852126720
    rank 22 : checksum=  2852126720  expected=  2852126720
    rank 23 : checksum=  2852126720  expected=  2852126720
    rank 24 : checksum=  2852126720  expected=  2852126720
    rank 25 : checksum=  2852126720  expected=  2852126720
    rank 26 : checksum=  2852126720  expected=  2852126720
    rank 27 : checksum=  2852126720  expected=  2852126720
    rank 28 : checksum=  2852126720  expected=  2852126720
    rank 29 : checksum=  2852126720  expected=  2852126720
    rank 30 : checksum=  2852126720  expected=  2852126720
    rank 31 : checksum=  2852126720  expected=  2852126720
    rank 32 : checksum=  2852126720  expected=  2852126720
    rank 33 : checksum=  2852126720  expected=  2852126720
    rank 34 : checksum=  2852126720  expected=  2852126720
    rank 35 : checksum=  2852126720  expected=  2852126720
    rank 36 : checksum=  2852126720  expected=  2852126720
    rank 37 : checksum=  2852126720  expected=  2852126720
    rank 38 : checksum=  2852126720  expected=  2852126720
    rank 39 : checksum=  2852126720  expected=  2852126720
    rank 40 : checksum=  2852126720  expected=  2852126720
    rank 41 : checksum=  2852126720  expected=  2852126720
    rank 42 : checksum=  2852126720  expected=  2852126720
    rank 43 : checksum=  2852126720  expected=  2852126720
    rank 44 : checksum=  2852126720  expected=  2852126720
    rank 45 : checksum=  2852126720  expected=  2852126720
    rank 46 : checksum=  2852126720  expected=  2852126720
    rank 47 : checksum=  2852126720  expected=  2852126720
    rank 48 : checksum=  2852126720  expected=  2852126720
    rank 49 : checksum=  2852126720  expected=  2852126720
    rank 50 : checksum=  2852126720  expected=  2852126720
    rank 51 : checksum=  2852126720  expected=  2852126720
    rank 52 : checksum=  2852126720  expected=  2852126720
    rank 53 : checksum=  2852126720  expected=  2852126720
    rank 54 : checksum=  2852126720  expected=  2852126720
    rank 55 : checksum=  2852126720  expected=  2852126720
    rank 56 : checksum=  2852126720  expected=  2852126720
    rank 57 : checksum=  2852126720  expected=  2852126720
    rank 58 : checksum=  2852126720  expected=  2852126720
    rank 59 : checksum=  2852126720  expected=  2852126720
    rank 60 : checksum=  2852126720  expected=  2852126720
    rank 61 : checksum=  2852126720  expected=  2852126720
    rank 62 : checksum=  2852126720  expected=  2852126720
    rank 63 : checksum=  2852126720  expected=  2852126720
    rank 64 : checksum=  2852126720  expected=  2852126720
    rank 65 : checksum=  2852126720  expected=  2852126720
    rank 66 : checksum=  2852126720  expected=  2852126720
    rank 67 : checksum=  2852126720  expected=  2852126720
    rank 68 : checksum=  2852126720  expected=  2852126720
    rank 69 : checksum=  2852126720  expected=  2852126720
    rank 70 : checksum=  2852126720  expected=  2852126720
    rank 71 : checksum=  2852126720  expected=  2852126720
    rank 72 : checksum=  2852126720  expected=  2852126720
    rank 73 : checksum=  2852126720  expected=  2852126720
    rank 74 : checksum=  2852126720  expected=  2852126720
    rank 75 : checksum=  2852126720  expected=  2852126720
    rank 76 : checksum=  2852126720  expected=  2852126720
    rank 77 : checksum=  2852126720  expected=  2852126720
    rank 78 : checksum=  2852126720  expected=  2852126720
    rank 79 : checksum=  2852126720  expected=  2852126720
    rank 80 : checksum=  2852126720  expected=  2852126720
    rank 81 : checksum=  2852126720  expected=  2852126720
    rank 82 : checksum=  2852126720  expected=  2852126720
    rank 83 : checksum=  2852126720  expected=  2852126720
    rank 84 : checksum=  2852126720  expected=  2852126720
    rank 85 : checksum=  2852126720  expected=  2852126720
    rank 86 : checksum=  2852126720  expected=  2852126720
    rank 87 : checksum=  2852126720  expected=  2852126720
    rank 88 : checksum=  2852126720  expected=  2852126720
    rank 89 : checksum=  2852126720  expected=  2852126720
    rank 90 : checksum=  2852126720  expected=  2852126720
    rank 91 : checksum=  2852126720  expected=  2852126720
    rank 92 : checksum=  2852126720  expected=  2852126720
    rank 93 : checksum=  2852126720  expected=  2852126720
    rank 94 : checksum=  2852126720  expected=  2852126720
    rank 95 : checksum=  2852126720  expected=  2852126720

========================================
 DONE
========================================
