Tasks: 96
Nodes: 1
Binary: /.../mpi-benchmarks/build/bin/example_03_ring
=== NUMA topology ===
computenode0
available: 4 nodes (0-3)
node 0 cpus: 0 1 2 3 4 5 6 7 8 9 10 11 12 13 14 15 16 17 18 19 20 21 22 23 96 97 98 99 100 101 102 103 104 105 106 107 108 109 110 111 112 113 114 115 116 117 118 119
node 0 size: 127778 MB
node 0 free: 93232 MB
node 1 cpus: 24 25 26 27 28 29 30 31 32 33 34 35 36 37 38 39 40 41 42 43 44 45 46 47 120 121 122 123 124 125 126 127 128 129 130 131 132 133 134 135 136 137 138 139 140 141 142 143
node 1 size: 128719 MB
node 1 free: 127505 MB
node 2 cpus: 48 49 50 51 52 53 54 55 56 57 58 59 60 61 62 63 64 65 66 67 68 69 70 71 144 145 146 147 148 149 150 151 152 153 154 155 156 157 158 159 160 161 162 163 164 165 166 167
node 2 size: 128719 MB
node 2 free: 127246 MB
node 3 cpus: 72 73 74 75 76 77 78 79 80 81 82 83 84 85 86 87 88 89 90 91 92 93 94 95 168 169 170 171 172 173 174 175 176 177 178 179 180 181 182 183 184 185 186 187 188 189 190 191
node 3 size: 128706 MB
node 3 free: 127034 MB
node distances:
node     0    1    2    3 
   0:   10   32   32   32 
   1:   32   10   32   32 
   2:   32   32   10   32 
   3:   32   32   32   10 

==============================
 1) DEFAULT
==============================
Rank 0 running on computenode0
Rank 0 SLURM info: PROCID=0 LOCALID=0 NODEID=0
Rank 0 affinity mask: 0 
Rank 0 current logical CPU: 0
Rank 1 running on computenode0
Rank 1 SLURM info: PROCID=1 LOCALID=1 NODEID=0
Rank 1 affinity mask: 24 
Rank 1 current logical CPU: 24
Rank 2 running on computenode0
Rank 2 SLURM info: PROCID=2 LOCALID=2 NODEID=0
Rank 2 affinity mask: 48 
Rank 2 current logical CPU: 48
Rank 3 running on computenode0
Rank 3 SLURM info: PROCID=3 LOCALID=3 NODEID=0
Rank 3 affinity mask: 72 
Rank 3 current logical CPU: 72
Rank 4 running on computenode0
Rank 4 SLURM info: PROCID=4 LOCALID=4 NODEID=0
Rank 4 affinity mask: 1 
Rank 4 current logical CPU: 1
Rank 5 running on computenode0
Rank 5 SLURM info: PROCID=5 LOCALID=5 NODEID=0
Rank 5 affinity mask: 25 
Rank 5 current logical CPU: 25
Rank 6 running on computenode0
Rank 6 SLURM info: PROCID=6 LOCALID=6 NODEID=0
Rank 6 affinity mask: 49 
Rank 6 current logical CPU: 49
Rank 7 running on computenode0
Rank 7 SLURM info: PROCID=7 LOCALID=7 NODEID=0
Rank 7 affinity mask: 73 
Rank 7 current logical CPU: 73
Rank 8 running on computenode0
Rank 8 SLURM info: PROCID=8 LOCALID=8 NODEID=0
Rank 8 affinity mask: 2 
Rank 8 current logical CPU: 2
Rank 9 running on computenode0
Rank 9 SLURM info: PROCID=9 LOCALID=9 NODEID=0
Rank 9 affinity mask: 26 
Rank 9 current logical CPU: 26
Rank 10 running on computenode0
Rank 10 SLURM info: PROCID=10 LOCALID=10 NODEID=0
Rank 10 affinity mask: 50 
Rank 10 current logical CPU: 50
Rank 11 running on computenode0
Rank 11 SLURM info: PROCID=11 LOCALID=11 NODEID=0
Rank 11 affinity mask: 74 
Rank 11 current logical CPU: 74
Rank 12 running on computenode0
Rank 12 SLURM info: PROCID=12 LOCALID=12 NODEID=0
Rank 12 affinity mask: 3 
Rank 12 current logical CPU: 3
Rank 13 running on computenode0
Rank 13 SLURM info: PROCID=13 LOCALID=13 NODEID=0
Rank 13 affinity mask: 27 
Rank 13 current logical CPU: 27
Rank 14 running on computenode0
Rank 14 SLURM info: PROCID=14 LOCALID=14 NODEID=0
Rank 14 affinity mask: 51 
Rank 14 current logical CPU: 51
Rank 15 running on computenode0
Rank 15 SLURM info: PROCID=15 LOCALID=15 NODEID=0
Rank 15 affinity mask: 75 
Rank 15 current logical CPU: 75
Rank 16 running on computenode0
Rank 16 SLURM info: PROCID=16 LOCALID=16 NODEID=0
Rank 16 affinity mask: 4 
Rank 16 current logical CPU: 4
Rank 17 running on computenode0
Rank 17 SLURM info: PROCID=17 LOCALID=17 NODEID=0
Rank 17 affinity mask: 28 
Rank 17 current logical CPU: 28
Rank 18 running on computenode0
Rank 18 SLURM info: PROCID=18 LOCALID=18 NODEID=0
Rank 18 affinity mask: 52 
Rank 18 current logical CPU: 52
Rank 19 running on computenode0
Rank 19 SLURM info: PROCID=19 LOCALID=19 NODEID=0
Rank 19 affinity mask: 76 
Rank 19 current logical CPU: 76
Rank 20 running on computenode0
Rank 20 SLURM info: PROCID=20 LOCALID=20 NODEID=0
Rank 20 affinity mask: 5 
Rank 20 current logical CPU: 5
Rank 21 running on computenode0
Rank 21 SLURM info: PROCID=21 LOCALID=21 NODEID=0
Rank 21 affinity mask: 29 
Rank 21 current logical CPU: 29
Rank 22 running on computenode0
Rank 22 SLURM info: PROCID=22 LOCALID=22 NODEID=0
Rank 22 affinity mask: 53 
Rank 22 current logical CPU: 53
Rank 23 running on computenode0
Rank 23 SLURM info: PROCID=23 LOCALID=23 NODEID=0
Rank 23 affinity mask: 77 
Rank 23 current logical CPU: 77
Rank 24 running on computenode0
Rank 24 SLURM info: PROCID=24 LOCALID=24 NODEID=0
Rank 24 affinity mask: 6 
Rank 24 current logical CPU: 6
Rank 25 running on computenode0
Rank 25 SLURM info: PROCID=25 LOCALID=25 NODEID=0
Rank 25 affinity mask: 30 
Rank 25 current logical CPU: 30
Rank 26 running on computenode0
Rank 26 SLURM info: PROCID=26 LOCALID=26 NODEID=0
Rank 26 affinity mask: 54 
Rank 26 current logical CPU: 54
Rank 27 running on computenode0
Rank 27 SLURM info: PROCID=27 LOCALID=27 NODEID=0
Rank 27 affinity mask: 78 
Rank 27 current logical CPU: 78
Rank 28 running on computenode0
Rank 28 SLURM info: PROCID=28 LOCALID=28 NODEID=0
Rank 28 affinity mask: 7 
Rank 28 current logical CPU: 7
Rank 29 running on computenode0
Rank 29 SLURM info: PROCID=29 LOCALID=29 NODEID=0
Rank 29 affinity mask: 31 
Rank 29 current logical CPU: 31
Rank 30 running on computenode0
Rank 30 SLURM info: PROCID=30 LOCALID=30 NODEID=0
Rank 30 affinity mask: 55 
Rank 30 current logical CPU: 55
Rank 31 running on computenode0
Rank 31 SLURM info: PROCID=31 LOCALID=31 NODEID=0
Rank 31 affinity mask: 79 
Rank 31 current logical CPU: 79
Rank 32 running on computenode0
Rank 32 SLURM info: PROCID=32 LOCALID=32 NODEID=0
Rank 32 affinity mask: 8 
Rank 32 current logical CPU: 8
Rank 33 running on computenode0
Rank 33 SLURM info: PROCID=33 LOCALID=33 NODEID=0
Rank 33 affinity mask: 32 
Rank 33 current logical CPU: 32
Rank 34 running on computenode0
Rank 34 SLURM info: PROCID=34 LOCALID=34 NODEID=0
Rank 34 affinity mask: 56 
Rank 34 current logical CPU: 56
Rank 35 running on computenode0
Rank 35 SLURM info: PROCID=35 LOCALID=35 NODEID=0
Rank 35 affinity mask: 80 
Rank 35 current logical CPU: 80
Rank 36 running on computenode0
Rank 36 SLURM info: PROCID=36 LOCALID=36 NODEID=0
Rank 36 affinity mask: 9 
Rank 36 current logical CPU: 9
Rank 37 running on computenode0
Rank 37 SLURM info: PROCID=37 LOCALID=37 NODEID=0
Rank 37 affinity mask: 33 
Rank 37 current logical CPU: 33
Rank 38 running on computenode0
Rank 38 SLURM info: PROCID=38 LOCALID=38 NODEID=0
Rank 38 affinity mask: 57 
Rank 38 current logical CPU: 57
Rank 39 running on computenode0
Rank 39 SLURM info: PROCID=39 LOCALID=39 NODEID=0
Rank 39 affinity mask: 81 
Rank 39 current logical CPU: 81
Rank 40 running on computenode0
Rank 40 SLURM info: PROCID=40 LOCALID=40 NODEID=0
Rank 40 affinity mask: 10 
Rank 40 current logical CPU: 10
Rank 41 running on computenode0
Rank 41 SLURM info: PROCID=41 LOCALID=41 NODEID=0
Rank 41 affinity mask: 34 
Rank 41 current logical CPU: 34
Rank 42 running on computenode0
Rank 42 SLURM info: PROCID=42 LOCALID=42 NODEID=0
Rank 42 affinity mask: 58 
Rank 42 current logical CPU: 58
Rank 43 running on computenode0
Rank 43 SLURM info: PROCID=43 LOCALID=43 NODEID=0
Rank 43 affinity mask: 82 
Rank 43 current logical CPU: 82
Rank 44 running on computenode0
Rank 44 SLURM info: PROCID=44 LOCALID=44 NODEID=0
Rank 44 affinity mask: 11 
Rank 44 current logical CPU: 11
Rank 45 running on computenode0
Rank 45 SLURM info: PROCID=45 LOCALID=45 NODEID=0
Rank 45 affinity mask: 35 
Rank 45 current logical CPU: 35
Rank 46 running on computenode0
Rank 46 SLURM info: PROCID=46 LOCALID=46 NODEID=0
Rank 46 affinity mask: 59 
Rank 46 current logical CPU: 59
Rank 47 running on computenode0
Rank 47 SLURM info: PROCID=47 LOCALID=47 NODEID=0
Rank 47 affinity mask: 83 
Rank 47 current logical CPU: 83
Rank 48 running on computenode0
Rank 48 SLURM info: PROCID=48 LOCALID=48 NODEID=0
Rank 48 affinity mask: 12 
Rank 48 current logical CPU: 12
Rank 49 running on computenode0
Rank 49 SLURM info: PROCID=49 LOCALID=49 NODEID=0
Rank 49 affinity mask: 36 
Rank 49 current logical CPU: 36
Rank 50 running on computenode0
Rank 50 SLURM info: PROCID=50 LOCALID=50 NODEID=0
Rank 50 affinity mask: 60 
Rank 50 current logical CPU: 60
Rank 51 running on computenode0
Rank 51 SLURM info: PROCID=51 LOCALID=51 NODEID=0
Rank 51 affinity mask: 84 
Rank 51 current logical CPU: 84
Rank 52 running on computenode0
Rank 52 SLURM info: PROCID=52 LOCALID=52 NODEID=0
Rank 52 affinity mask: 13 
Rank 52 current logical CPU: 13
Rank 53 running on computenode0
Rank 53 SLURM info: PROCID=53 LOCALID=53 NODEID=0
Rank 53 affinity mask: 37 
Rank 53 current logical CPU: 37
Rank 54 running on computenode0
Rank 54 SLURM info: PROCID=54 LOCALID=54 NODEID=0
Rank 54 affinity mask: 61 
Rank 54 current logical CPU: 61
Rank 55 running on computenode0
Rank 55 SLURM info: PROCID=55 LOCALID=55 NODEID=0
Rank 55 affinity mask: 85 
Rank 55 current logical CPU: 85
Rank 56 running on computenode0
Rank 56 SLURM info: PROCID=56 LOCALID=56 NODEID=0
Rank 56 affinity mask: 14 
Rank 56 current logical CPU: 14
Rank 57 running on computenode0
Rank 57 SLURM info: PROCID=57 LOCALID=57 NODEID=0
Rank 57 affinity mask: 38 
Rank 57 current logical CPU: 38
Rank 58 running on computenode0
Rank 58 SLURM info: PROCID=58 LOCALID=58 NODEID=0
Rank 58 affinity mask: 62 
Rank 58 current logical CPU: 62
Rank 59 running on computenode0
Rank 59 SLURM info: PROCID=59 LOCALID=59 NODEID=0
Rank 59 affinity mask: 86 
Rank 59 current logical CPU: 86
Rank 60 running on computenode0
Rank 60 SLURM info: PROCID=60 LOCALID=60 NODEID=0
Rank 60 affinity mask: 15 
Rank 60 current logical CPU: 15
Rank 61 running on computenode0
Rank 61 SLURM info: PROCID=61 LOCALID=61 NODEID=0
Rank 61 affinity mask: 39 
Rank 61 current logical CPU: 39
Rank 62 running on computenode0
Rank 62 SLURM info: PROCID=62 LOCALID=62 NODEID=0
Rank 62 affinity mask: 63 
Rank 62 current logical CPU: 63
Rank 63 running on computenode0
Rank 63 SLURM info: PROCID=63 LOCALID=63 NODEID=0
Rank 63 affinity mask: 87 
Rank 63 current logical CPU: 87
Rank 64 running on computenode0
Rank 64 SLURM info: PROCID=64 LOCALID=64 NODEID=0
Rank 64 affinity mask: 16 
Rank 64 current logical CPU: 16
Rank 65 running on computenode0
Rank 65 SLURM info: PROCID=65 LOCALID=65 NODEID=0
Rank 65 affinity mask: 40 
Rank 65 current logical CPU: 40
Rank 66 running on computenode0
Rank 66 SLURM info: PROCID=66 LOCALID=66 NODEID=0
Rank 66 affinity mask: 64 
Rank 66 current logical CPU: 64
Rank 67 running on computenode0
Rank 67 SLURM info: PROCID=67 LOCALID=67 NODEID=0
Rank 67 affinity mask: 88 
Rank 67 current logical CPU: 88
Rank 68 running on computenode0
Rank 68 SLURM info: PROCID=68 LOCALID=68 NODEID=0
Rank 68 affinity mask: 17 
Rank 68 current logical CPU: 17
Rank 69 running on computenode0
Rank 69 SLURM info: PROCID=69 LOCALID=69 NODEID=0
Rank 69 affinity mask: 41 
Rank 69 current logical CPU: 41
Rank 70 running on computenode0
Rank 70 SLURM info: PROCID=70 LOCALID=70 NODEID=0
Rank 70 affinity mask: 65 
Rank 70 current logical CPU: 65
Rank 71 running on computenode0
Rank 71 SLURM info: PROCID=71 LOCALID=71 NODEID=0
Rank 71 affinity mask: 89 
Rank 71 current logical CPU: 89
Rank 72 running on computenode0
Rank 72 SLURM info: PROCID=72 LOCALID=72 NODEID=0
Rank 72 affinity mask: 18 
Rank 72 current logical CPU: 18
Rank 73 running on computenode0
Rank 73 SLURM info: PROCID=73 LOCALID=73 NODEID=0
Rank 73 affinity mask: 42 
Rank 73 current logical CPU: 42
Rank 74 running on computenode0
Rank 74 SLURM info: PROCID=74 LOCALID=74 NODEID=0
Rank 74 affinity mask: 66 
Rank 74 current logical CPU: 66
Rank 75 running on computenode0
Rank 75 SLURM info: PROCID=75 LOCALID=75 NODEID=0
Rank 75 affinity mask: 90 
Rank 75 current logical CPU: 90
Rank 76 running on computenode0
Rank 76 SLURM info: PROCID=76 LOCALID=76 NODEID=0
Rank 76 affinity mask: 19 
Rank 76 current logical CPU: 19
Rank 77 running on computenode0
Rank 77 SLURM info: PROCID=77 LOCALID=77 NODEID=0
Rank 77 affinity mask: 43 
Rank 77 current logical CPU: 43
Rank 78 running on computenode0
Rank 78 SLURM info: PROCID=78 LOCALID=78 NODEID=0
Rank 78 affinity mask: 67 
Rank 78 current logical CPU: 67
Rank 79 running on computenode0
Rank 79 SLURM info: PROCID=79 LOCALID=79 NODEID=0
Rank 79 affinity mask: 91 
Rank 79 current logical CPU: 91
Rank 80 running on computenode0
Rank 80 SLURM info: PROCID=80 LOCALID=80 NODEID=0
Rank 80 affinity mask: 20 
Rank 80 current logical CPU: 20
Rank 81 running on computenode0
Rank 81 SLURM info: PROCID=81 LOCALID=81 NODEID=0
Rank 81 affinity mask: 44 
Rank 81 current logical CPU: 44
Rank 82 running on computenode0
Rank 82 SLURM info: PROCID=82 LOCALID=82 NODEID=0
Rank 82 affinity mask: 68 
Rank 82 current logical CPU: 68
Rank 83 running on computenode0
Rank 83 SLURM info: PROCID=83 LOCALID=83 NODEID=0
Rank 83 affinity mask: 92 
Rank 83 current logical CPU: 92
Rank 84 running on computenode0
Rank 84 SLURM info: PROCID=84 LOCALID=84 NODEID=0
Rank 84 affinity mask: 21 
Rank 84 current logical CPU: 21
Rank 85 running on computenode0
Rank 85 SLURM info: PROCID=85 LOCALID=85 NODEID=0
Rank 85 affinity mask: 45 
Rank 85 current logical CPU: 45
Rank 86 running on computenode0
Rank 86 SLURM info: PROCID=86 LOCALID=86 NODEID=0
Rank 86 affinity mask: 69 
Rank 86 current logical CPU: 69
Rank 87 running on computenode0
Rank 87 SLURM info: PROCID=87 LOCALID=87 NODEID=0
Rank 87 affinity mask: 93 
Rank 87 current logical CPU: 93
Rank 88 running on computenode0
Rank 88 SLURM info: PROCID=88 LOCALID=88 NODEID=0
Rank 88 affinity mask: 22 
Rank 88 current logical CPU: 22
Rank 89 running on computenode0
Rank 89 SLURM info: PROCID=89 LOCALID=89 NODEID=0
Rank 89 affinity mask: 46 
Rank 89 current logical CPU: 46
Rank 90 running on computenode0
Rank 90 SLURM info: PROCID=90 LOCALID=90 NODEID=0
Rank 90 affinity mask: 70 
Rank 90 current logical CPU: 70
Rank 91 running on computenode0
Rank 91 SLURM info: PROCID=91 LOCALID=91 NODEID=0
Rank 91 affinity mask: 94 
Rank 91 current logical CPU: 94
Rank 92 running on computenode0
Rank 92 SLURM info: PROCID=92 LOCALID=92 NODEID=0
Rank 92 affinity mask: 23 
Rank 92 current logical CPU: 23
Rank 93 running on computenode0
Rank 93 SLURM info: PROCID=93 LOCALID=93 NODEID=0
Rank 93 affinity mask: 47 
Rank 93 current logical CPU: 47
Rank 94 running on computenode0
Rank 94 SLURM info: PROCID=94 LOCALID=94 NODEID=0
Rank 94 affinity mask: 71 
Rank 94 current logical CPU: 71
Rank 95 running on computenode0
Rank 95 SLURM info: PROCID=95 LOCALID=95 NODEID=0
Rank 95 affinity mask: 95 
Rank 95 current logical CPU: 95

# MPI Ring Benchmark
#
# Configuration
#   MPI ranks        : 96
#   Max message size : 16777216 bytes
#   Warmup iterations: 20
#   Small iterations : 1000
#   Large iterations : 100
#   MPI_Wtick        : 1.000000000e-09 seconds
#
# Metrics
#   Exchange         : full ring exchange time
#   AggregateRingBW  : aggregate bandwidth across the ring
#
# Size(Bytes)	Exchange(us)	AggregateRingBW(MiB/s)
       1 bytes      1.91 us     47.99 MiB/s
       2 bytes      1.72 us    106.21 MiB/s
       4 bytes      1.73 us    211.93 MiB/s
       8 bytes      1.73 us    422.85 MiB/s
      16 bytes      1.73 us    846.25 MiB/s
      32 bytes      1.73 us   1689.84 MiB/s
      64 bytes      2.12 us   2761.07 MiB/s
     128 bytes      2.45 us   4781.94 MiB/s
     256 bytes      3.17 us   7398.31 MiB/s
     512 bytes      3.03 us  15478.62 MiB/s
    1024 bytes      8.10 us  11575.29 MiB/s
    2048 bytes      8.16 us  22983.19 MiB/s
    4096 bytes      8.74 us  42916.67 MiB/s
    8192 bytes      9.20 us  81479.71 MiB/s
   16384 bytes     10.30 us  145582.02 MiB/s
   32768 bytes     12.24 us  245190.39 MiB/s
   65536 bytes     16.69 us  359524.28 MiB/s
  131072 bytes     26.55 us  451919.70 MiB/s
  262144 bytes     62.57 us  383549.25 MiB/s
  524288 bytes     95.12 us  504642.29 MiB/s
 1048576 bytes    174.73 us  549413.29 MiB/s
 2097152 bytes   1221.95 us  157126.46 MiB/s
 4194304 bytes   2949.05 us  130211.60 MiB/s
 8388608 bytes   8511.70 us  90228.77 MiB/s
16777216 bytes  17720.72 us  86678.22 MiB/s
  Verification data:
    rank 0 : bw=86678.215 MiB/s  checksum=  1593835520  expected=  1593835520
    rank 1 : bw=86808.256 MiB/s  checksum=           0  expected=           0
    rank 2 : bw=86878.569 MiB/s  checksum=    16777216  expected=    16777216
    rank 3 : bw=87161.900 MiB/s  checksum=    33554432  expected=    33554432
    rank 4 : bw=87645.037 MiB/s  checksum=    50331648  expected=    50331648
    rank 5 : bw=88315.749 MiB/s  checksum=    67108864  expected=    67108864
    rank 6 : bw=88315.894 MiB/s  checksum=    83886080  expected=    83886080
    rank 7 : bw=88696.729 MiB/s  checksum=   100663296  expected=   100663296
    rank 8 : bw=88759.396 MiB/s  checksum=   117440512  expected=   117440512
    rank 9 : bw=89183.447 MiB/s  checksum=   134217728  expected=   134217728
    rank 10 : bw=89411.316 MiB/s  checksum=   150994944  expected=   150994944
    rank 11 : bw=90017.684 MiB/s  checksum=   167772160  expected=   167772160
    rank 12 : bw=90238.085 MiB/s  checksum=   184549376  expected=   184549376
    rank 13 : bw=90739.976 MiB/s  checksum=   201326592  expected=   201326592
    rank 14 : bw=90787.596 MiB/s  checksum=   218103808  expected=   218103808
    rank 15 : bw=91431.131 MiB/s  checksum=   234881024  expected=   234881024
    rank 16 : bw=91442.902 MiB/s  checksum=   251658240  expected=   251658240
    rank 17 : bw=92283.237 MiB/s  checksum=   268435456  expected=   268435456
    rank 18 : bw=93067.748 MiB/s  checksum=   285212672  expected=   285212672
    rank 19 : bw=93224.964 MiB/s  checksum=   301989888  expected=   301989888
    rank 20 : bw=93479.643 MiB/s  checksum=   318767104  expected=   318767104
    rank 21 : bw=93609.203 MiB/s  checksum=   335544320  expected=   335544320
    rank 22 : bw=93981.110 MiB/s  checksum=   352321536  expected=   352321536
    rank 23 : bw=94000.617 MiB/s  checksum=   369098752  expected=   369098752
    rank 24 : bw=94499.585 MiB/s  checksum=   385875968  expected=   385875968
    rank 25 : bw=96065.393 MiB/s  checksum=   402653184  expected=   402653184
    rank 26 : bw=96065.491 MiB/s  checksum=   419430400  expected=   419430400
    rank 27 : bw=98153.226 MiB/s  checksum=   436207616  expected=   436207616
    rank 28 : bw=98117.557 MiB/s  checksum=   452984832  expected=   452984832
    rank 29 : bw=98117.558 MiB/s  checksum=   469762048  expected=   469762048
    rank 30 : bw=98886.728 MiB/s  checksum=   486539264  expected=   486539264
    rank 31 : bw=100012.917 MiB/s  checksum=   503316480  expected=   503316480
    rank 32 : bw=100368.353 MiB/s  checksum=   520093696  expected=   520093696
    rank 33 : bw=102461.734 MiB/s  checksum=   536870912  expected=   536870912
    rank 34 : bw=102461.948 MiB/s  checksum=   553648128  expected=   553648128
    rank 35 : bw=102574.473 MiB/s  checksum=   570425344  expected=   570425344
    rank 36 : bw=102089.993 MiB/s  checksum=   587202560  expected=   587202560
    rank 37 : bw=101781.527 MiB/s  checksum=   603979776  expected=   603979776
    rank 38 : bw=100745.044 MiB/s  checksum=   620756992  expected=   620756992
    rank 39 : bw=99413.215 MiB/s  checksum=   637534208  expected=   637534208
    rank 40 : bw=99251.397 MiB/s  checksum=   654311424  expected=   654311424
    rank 41 : bw=98476.367 MiB/s  checksum=   671088640  expected=   671088640
    rank 42 : bw=98189.377 MiB/s  checksum=   687865856  expected=   687865856
    rank 43 : bw=97110.941 MiB/s  checksum=   704643072  expected=   704643072
    rank 44 : bw=95622.036 MiB/s  checksum=   721420288  expected=   721420288
    rank 45 : bw=94724.672 MiB/s  checksum=   738197504  expected=   738197504
    rank 46 : bw=94131.678 MiB/s  checksum=   754974720  expected=   754974720
    rank 47 : bw=93938.756 MiB/s  checksum=   771751936  expected=   771751936
    rank 48 : bw=92937.717 MiB/s  checksum=   788529152  expected=   788529152
    rank 49 : bw=91873.131 MiB/s  checksum=   805306368  expected=   805306368
    rank 50 : bw=91635.678 MiB/s  checksum=   822083584  expected=   822083584
    rank 51 : bw=90356.104 MiB/s  checksum=   838860800  expected=   838860800
    rank 52 : bw=90020.247 MiB/s  checksum=   855638016  expected=   855638016
    rank 53 : bw=89684.071 MiB/s  checksum=   872415232  expected=   872415232
    rank 54 : bw=88947.752 MiB/s  checksum=   889192448  expected=   889192448
    rank 55 : bw=88449.253 MiB/s  checksum=   905969664  expected=   905969664
    rank 56 : bw=88168.280 MiB/s  checksum=   922746880  expected=   922746880
    rank 57 : bw=87873.884 MiB/s  checksum=   939524096  expected=   939524096
    rank 58 : bw=87522.944 MiB/s  checksum=   956301312  expected=   956301312
    rank 59 : bw=86979.206 MiB/s  checksum=   973078528  expected=   973078528
    rank 60 : bw=86615.423 MiB/s  checksum=   989855744  expected=   989855744
    rank 61 : bw=86087.445 MiB/s  checksum=  1006632960  expected=  1006632960
    rank 62 : bw=85658.236 MiB/s  checksum=  1023410176  expected=  1023410176
    rank 63 : bw=85396.390 MiB/s  checksum=  1040187392  expected=  1040187392
    rank 64 : bw=85191.948 MiB/s  checksum=  1056964608  expected=  1056964608
    rank 65 : bw=85059.869 MiB/s  checksum=  1073741824  expected=  1073741824
    rank 66 : bw=85059.829 MiB/s  checksum=  1090519040  expected=  1090519040
    rank 67 : bw=85049.424 MiB/s  checksum=  1107296256  expected=  1107296256
    rank 68 : bw=85049.295 MiB/s  checksum=  1124073472  expected=  1124073472
    rank 69 : bw=85186.691 MiB/s  checksum=  1140850688  expected=  1140850688
    rank 70 : bw=85279.680 MiB/s  checksum=  1157627904  expected=  1157627904
    rank 71 : bw=85018.770 MiB/s  checksum=  1174405120  expected=  1174405120
    rank 72 : bw=84906.601 MiB/s  checksum=  1191182336  expected=  1191182336
    rank 73 : bw=84752.175 MiB/s  checksum=  1207959552  expected=  1207959552
    rank 74 : bw=84597.649 MiB/s  checksum=  1224736768  expected=  1224736768
    rank 75 : bw=84466.752 MiB/s  checksum=  1241513984  expected=  1241513984
    rank 76 : bw=84466.778 MiB/s  checksum=  1258291200  expected=  1258291200
    rank 77 : bw=84616.162 MiB/s  checksum=  1275068416  expected=  1275068416
    rank 78 : bw=84759.929 MiB/s  checksum=  1291845632  expected=  1291845632
    rank 79 : bw=84856.014 MiB/s  checksum=  1308622848  expected=  1308622848
    rank 80 : bw=85122.940 MiB/s  checksum=  1325400064  expected=  1325400064
    rank 81 : bw=85142.470 MiB/s  checksum=  1342177280  expected=  1342177280
    rank 82 : bw=85467.583 MiB/s  checksum=  1358954496  expected=  1358954496
    rank 83 : bw=85467.636 MiB/s  checksum=  1375731712  expected=  1375731712
    rank 84 : bw=85616.297 MiB/s  checksum=  1392508928  expected=  1392508928
    rank 85 : bw=85761.910 MiB/s  checksum=  1409286144  expected=  1409286144
    rank 86 : bw=85647.711 MiB/s  checksum=  1426063360  expected=  1426063360
    rank 87 : bw=85647.569 MiB/s  checksum=  1442840576  expected=  1442840576
    rank 88 : bw=85684.879 MiB/s  checksum=  1459617792  expected=  1459617792
    rank 89 : bw=85702.460 MiB/s  checksum=  1476395008  expected=  1476395008
    rank 90 : bw=85534.699 MiB/s  checksum=  1493172224  expected=  1493172224
    rank 91 : bw=85534.668 MiB/s  checksum=  1509949440  expected=  1509949440
    rank 92 : bw=85762.106 MiB/s  checksum=  1526726656  expected=  1526726656
    rank 93 : bw=86021.286 MiB/s  checksum=  1543503872  expected=  1543503872
    rank 94 : bw=86054.680 MiB/s  checksum=  1560281088  expected=  1560281088
    rank 95 : bw=86054.729 MiB/s  checksum=  1577058304  expected=  1577058304

==============================
 2) CORE binding
==============================
Rank 0 running on computenode0
Rank 0 SLURM info: PROCID=0 LOCALID=0 NODEID=0
Rank 0 affinity mask: 0 96 
Rank 0 current logical CPU: 0
Rank 1 running on computenode0
Rank 1 SLURM info: PROCID=1 LOCALID=1 NODEID=0
Rank 1 affinity mask: 24 120 
Rank 1 current logical CPU: 24
Rank 2 running on computenode0
Rank 2 SLURM info: PROCID=2 LOCALID=2 NODEID=0
Rank 2 affinity mask: 48 144 
Rank 2 current logical CPU: 48
Rank 3 running on computenode0
Rank 3 SLURM info: PROCID=3 LOCALID=3 NODEID=0
Rank 3 affinity mask: 72 168 
Rank 3 current logical CPU: 72
Rank 4 running on computenode0
Rank 4 SLURM info: PROCID=4 LOCALID=4 NODEID=0
Rank 4 affinity mask: 1 97 
Rank 4 current logical CPU: 97
Rank 5 running on computenode0
Rank 5 SLURM info: PROCID=5 LOCALID=5 NODEID=0
Rank 5 affinity mask: 25 121 
Rank 5 current logical CPU: 25
Rank 6 running on computenode0
Rank 6 SLURM info: PROCID=6 LOCALID=6 NODEID=0
Rank 6 affinity mask: 49 145 
Rank 6 current logical CPU: 49
Rank 7 running on computenode0
Rank 7 SLURM info: PROCID=7 LOCALID=7 NODEID=0
Rank 7 affinity mask: 73 169 
Rank 7 current logical CPU: 73
Rank 8 running on computenode0
Rank 8 SLURM info: PROCID=8 LOCALID=8 NODEID=0
Rank 8 affinity mask: 2 98 
Rank 8 current logical CPU: 2
Rank 9 running on computenode0
Rank 9 SLURM info: PROCID=9 LOCALID=9 NODEID=0
Rank 9 affinity mask: 26 122 
Rank 9 current logical CPU: 26
Rank 10 running on computenode0
Rank 10 SLURM info: PROCID=10 LOCALID=10 NODEID=0
Rank 10 affinity mask: 50 146 
Rank 10 current logical CPU: 50
Rank 11 running on computenode0
Rank 11 SLURM info: PROCID=11 LOCALID=11 NODEID=0
Rank 11 affinity mask: 74 170 
Rank 11 current logical CPU: 74
Rank 12 running on computenode0
Rank 12 SLURM info: PROCID=12 LOCALID=12 NODEID=0
Rank 12 affinity mask: 3 99 
Rank 12 current logical CPU: 99
Rank 13 running on computenode0
Rank 13 SLURM info: PROCID=13 LOCALID=13 NODEID=0
Rank 13 affinity mask: 27 123 
Rank 13 current logical CPU: 27
Rank 14 running on computenode0
Rank 14 SLURM info: PROCID=14 LOCALID=14 NODEID=0
Rank 14 affinity mask: 51 147 
Rank 14 current logical CPU: 51
Rank 15 running on computenode0
Rank 15 SLURM info: PROCID=15 LOCALID=15 NODEID=0
Rank 15 affinity mask: 75 171 
Rank 15 current logical CPU: 75
Rank 16 running on computenode0
Rank 16 SLURM info: PROCID=16 LOCALID=16 NODEID=0
Rank 16 affinity mask: 4 100 
Rank 16 current logical CPU: 4
Rank 17 running on computenode0
Rank 17 SLURM info: PROCID=17 LOCALID=17 NODEID=0
Rank 17 affinity mask: 28 124 
Rank 17 current logical CPU: 28
Rank 18 running on computenode0
Rank 18 SLURM info: PROCID=18 LOCALID=18 NODEID=0
Rank 18 affinity mask: 52 148 
Rank 18 current logical CPU: 52
Rank 19 running on computenode0
Rank 19 SLURM info: PROCID=19 LOCALID=19 NODEID=0
Rank 19 affinity mask: 76 172 
Rank 19 current logical CPU: 76
Rank 20 running on computenode0
Rank 20 SLURM info: PROCID=20 LOCALID=20 NODEID=0
Rank 20 affinity mask: 5 101 
Rank 20 current logical CPU: 5
Rank 21 running on computenode0
Rank 21 SLURM info: PROCID=21 LOCALID=21 NODEID=0
Rank 21 affinity mask: 29 125 
Rank 21 current logical CPU: 29
Rank 22 running on computenode0
Rank 22 SLURM info: PROCID=22 LOCALID=22 NODEID=0
Rank 22 affinity mask: 53 149 
Rank 22 current logical CPU: 53
Rank 23 running on computenode0
Rank 23 SLURM info: PROCID=23 LOCALID=23 NODEID=0
Rank 23 affinity mask: 77 173 
Rank 23 current logical CPU: 77
Rank 24 running on computenode0
Rank 24 SLURM info: PROCID=24 LOCALID=24 NODEID=0
Rank 24 affinity mask: 6 102 
Rank 24 current logical CPU: 6
Rank 25 running on computenode0
Rank 25 SLURM info: PROCID=25 LOCALID=25 NODEID=0
Rank 25 affinity mask: 30 126 
Rank 25 current logical CPU: 30
Rank 26 running on computenode0
Rank 26 SLURM info: PROCID=26 LOCALID=26 NODEID=0
Rank 26 affinity mask: 54 150 
Rank 26 current logical CPU: 54
Rank 27 running on computenode0
Rank 27 SLURM info: PROCID=27 LOCALID=27 NODEID=0
Rank 27 affinity mask: 78 174 
Rank 27 current logical CPU: 78
Rank 28 running on computenode0
Rank 28 SLURM info: PROCID=28 LOCALID=28 NODEID=0
Rank 28 affinity mask: 7 103 
Rank 28 current logical CPU: 7
Rank 29 running on computenode0
Rank 29 SLURM info: PROCID=29 LOCALID=29 NODEID=0
Rank 29 affinity mask: 31 127 
Rank 29 current logical CPU: 127
Rank 30 running on computenode0
Rank 30 SLURM info: PROCID=30 LOCALID=30 NODEID=0
Rank 30 affinity mask: 55 151 
Rank 30 current logical CPU: 55
Rank 31 running on computenode0
Rank 31 SLURM info: PROCID=31 LOCALID=31 NODEID=0
Rank 31 affinity mask: 79 175 
Rank 31 current logical CPU: 79
Rank 32 running on computenode0
Rank 32 SLURM info: PROCID=32 LOCALID=32 NODEID=0
Rank 32 affinity mask: 8 104 
Rank 32 current logical CPU: 8
Rank 33 running on computenode0
Rank 33 SLURM info: PROCID=33 LOCALID=33 NODEID=0
Rank 33 affinity mask: 32 128 
Rank 33 current logical CPU: 128
Rank 34 running on computenode0
Rank 34 SLURM info: PROCID=34 LOCALID=34 NODEID=0
Rank 34 affinity mask: 56 152 
Rank 34 current logical CPU: 56
Rank 35 running on computenode0
Rank 35 SLURM info: PROCID=35 LOCALID=35 NODEID=0
Rank 35 affinity mask: 80 176 
Rank 35 current logical CPU: 80
Rank 36 running on computenode0
Rank 36 SLURM info: PROCID=36 LOCALID=36 NODEID=0
Rank 36 affinity mask: 9 105 
Rank 36 current logical CPU: 9
Rank 37 running on computenode0
Rank 37 SLURM info: PROCID=37 LOCALID=37 NODEID=0
Rank 37 affinity mask: 33 129 
Rank 37 current logical CPU: 33
Rank 38 running on computenode0
Rank 38 SLURM info: PROCID=38 LOCALID=38 NODEID=0
Rank 38 affinity mask: 57 153 
Rank 38 current logical CPU: 57
Rank 39 running on computenode0
Rank 39 SLURM info: PROCID=39 LOCALID=39 NODEID=0
Rank 39 affinity mask: 81 177 
Rank 39 current logical CPU: 81
Rank 40 running on computenode0
Rank 40 SLURM info: PROCID=40 LOCALID=40 NODEID=0
Rank 40 affinity mask: 10 106 
Rank 40 current logical CPU: 10
Rank 41 running on computenode0
Rank 41 SLURM info: PROCID=41 LOCALID=41 NODEID=0
Rank 41 affinity mask: 34 130 
Rank 41 current logical CPU: 34
Rank 42 running on computenode0
Rank 42 SLURM info: PROCID=42 LOCALID=42 NODEID=0
Rank 42 affinity mask: 58 154 
Rank 42 current logical CPU: 58
Rank 43 running on computenode0
Rank 43 SLURM info: PROCID=43 LOCALID=43 NODEID=0
Rank 43 affinity mask: 82 178 
Rank 43 current logical CPU: 82
Rank 44 running on computenode0
Rank 44 SLURM info: PROCID=44 LOCALID=44 NODEID=0
Rank 44 affinity mask: 11 107 
Rank 44 current logical CPU: 11
Rank 45 running on computenode0
Rank 45 SLURM info: PROCID=45 LOCALID=45 NODEID=0
Rank 45 affinity mask: 35 131 
Rank 45 current logical CPU: 35
Rank 46 running on computenode0
Rank 46 SLURM info: PROCID=46 LOCALID=46 NODEID=0
Rank 46 affinity mask: 59 155 
Rank 46 current logical CPU: 59
Rank 47 running on computenode0
Rank 47 SLURM info: PROCID=47 LOCALID=47 NODEID=0
Rank 47 affinity mask: 83 179 
Rank 47 current logical CPU: 83
Rank 48 running on computenode0
Rank 48 SLURM info: PROCID=48 LOCALID=48 NODEID=0
Rank 48 affinity mask: 12 108 
Rank 48 current logical CPU: 12
Rank 49 running on computenode0
Rank 49 SLURM info: PROCID=49 LOCALID=49 NODEID=0
Rank 49 affinity mask: 36 132 
Rank 49 current logical CPU: 36
Rank 50 running on computenode0
Rank 50 SLURM info: PROCID=50 LOCALID=50 NODEID=0
Rank 50 affinity mask: 60 156 
Rank 50 current logical CPU: 60
Rank 51 running on computenode0
Rank 51 SLURM info: PROCID=51 LOCALID=51 NODEID=0
Rank 51 affinity mask: 84 180 
Rank 51 current logical CPU: 84
Rank 52 running on computenode0
Rank 52 SLURM info: PROCID=52 LOCALID=52 NODEID=0
Rank 52 affinity mask: 13 109 
Rank 52 current logical CPU: 13
Rank 53 running on computenode0
Rank 53 SLURM info: PROCID=53 LOCALID=53 NODEID=0
Rank 53 affinity mask: 37 133 
Rank 53 current logical CPU: 37
Rank 54 running on computenode0
Rank 54 SLURM info: PROCID=54 LOCALID=54 NODEID=0
Rank 54 affinity mask: 61 157 
Rank 54 current logical CPU: 61
Rank 55 running on computenode0
Rank 55 SLURM info: PROCID=55 LOCALID=55 NODEID=0
Rank 55 affinity mask: 85 181 
Rank 55 current logical CPU: 85
Rank 56 running on computenode0
Rank 56 SLURM info: PROCID=56 LOCALID=56 NODEID=0
Rank 56 affinity mask: 14 110 
Rank 56 current logical CPU: 14
Rank 57 running on computenode0
Rank 57 SLURM info: PROCID=57 LOCALID=57 NODEID=0
Rank 57 affinity mask: 38 134 
Rank 57 current logical CPU: 38
Rank 58 running on computenode0
Rank 58 SLURM info: PROCID=58 LOCALID=58 NODEID=0
Rank 58 affinity mask: 62 158 
Rank 58 current logical CPU: 62
Rank 59 running on computenode0
Rank 59 SLURM info: PROCID=59 LOCALID=59 NODEID=0
Rank 59 affinity mask: 86 182 
Rank 59 current logical CPU: 86
Rank 60 running on computenode0
Rank 60 SLURM info: PROCID=60 LOCALID=60 NODEID=0
Rank 60 affinity mask: 15 111 
Rank 60 current logical CPU: 15
Rank 61 running on computenode0
Rank 61 SLURM info: PROCID=61 LOCALID=61 NODEID=0
Rank 61 affinity mask: 39 135 
Rank 61 current logical CPU: 39
Rank 62 running on computenode0
Rank 62 SLURM info: PROCID=62 LOCALID=62 NODEID=0
Rank 62 affinity mask: 63 159 
Rank 62 current logical CPU: 63
Rank 63 running on computenode0
Rank 63 SLURM info: PROCID=63 LOCALID=63 NODEID=0
Rank 63 affinity mask: 87 183 
Rank 63 current logical CPU: 87
Rank 64 running on computenode0
Rank 64 SLURM info: PROCID=64 LOCALID=64 NODEID=0
Rank 64 affinity mask: 16 112 
Rank 64 current logical CPU: 16
Rank 65 running on computenode0
Rank 65 SLURM info: PROCID=65 LOCALID=65 NODEID=0
Rank 65 affinity mask: 40 136 
Rank 65 current logical CPU: 40
Rank 66 running on computenode0
Rank 66 SLURM info: PROCID=66 LOCALID=66 NODEID=0
Rank 66 affinity mask: 64 160 
Rank 66 current logical CPU: 64
Rank 67 running on computenode0
Rank 67 SLURM info: PROCID=67 LOCALID=67 NODEID=0
Rank 67 affinity mask: 88 184 
Rank 67 current logical CPU: 88
Rank 68 running on computenode0
Rank 68 SLURM info: PROCID=68 LOCALID=68 NODEID=0
Rank 68 affinity mask: 17 113 
Rank 68 current logical CPU: 17
Rank 69 running on computenode0
Rank 69 SLURM info: PROCID=69 LOCALID=69 NODEID=0
Rank 69 affinity mask: 41 137 
Rank 69 current logical CPU: 137
Rank 70 running on computenode0
Rank 70 SLURM info: PROCID=70 LOCALID=70 NODEID=0
Rank 70 affinity mask: 65 161 
Rank 70 current logical CPU: 65
Rank 71 running on computenode0
Rank 71 SLURM info: PROCID=71 LOCALID=71 NODEID=0
Rank 71 affinity mask: 89 185 
Rank 71 current logical CPU: 89
Rank 72 running on computenode0
Rank 72 SLURM info: PROCID=72 LOCALID=72 NODEID=0
Rank 72 affinity mask: 18 114 
Rank 72 current logical CPU: 18
Rank 73 running on computenode0
Rank 73 SLURM info: PROCID=73 LOCALID=73 NODEID=0
Rank 73 affinity mask: 42 138 
Rank 73 current logical CPU: 42
Rank 74 running on computenode0
Rank 74 SLURM info: PROCID=74 LOCALID=74 NODEID=0
Rank 74 affinity mask: 66 162 
Rank 74 current logical CPU: 66
Rank 75 running on computenode0
Rank 75 SLURM info: PROCID=75 LOCALID=75 NODEID=0
Rank 75 affinity mask: 90 186 
Rank 75 current logical CPU: 90
Rank 76 running on computenode0
Rank 76 SLURM info: PROCID=76 LOCALID=76 NODEID=0
Rank 76 affinity mask: 19 115 
Rank 76 current logical CPU: 19
Rank 77 running on computenode0
Rank 77 SLURM info: PROCID=77 LOCALID=77 NODEID=0
Rank 77 affinity mask: 43 139 
Rank 77 current logical CPU: 43
Rank 78 running on computenode0
Rank 78 SLURM info: PROCID=78 LOCALID=78 NODEID=0
Rank 78 affinity mask: 67 163 
Rank 78 current logical CPU: 67
Rank 79 running on computenode0
Rank 79 SLURM info: PROCID=79 LOCALID=79 NODEID=0
Rank 79 affinity mask: 91 187 
Rank 79 current logical CPU: 91
Rank 80 running on computenode0
Rank 80 SLURM info: PROCID=80 LOCALID=80 NODEID=0
Rank 80 affinity mask: 20 116 
Rank 80 current logical CPU: 20
Rank 81 running on computenode0
Rank 81 SLURM info: PROCID=81 LOCALID=81 NODEID=0
Rank 81 affinity mask: 44 140 
Rank 81 current logical CPU: 44
Rank 82 running on computenode0
Rank 82 SLURM info: PROCID=82 LOCALID=82 NODEID=0
Rank 82 affinity mask: 68 164 
Rank 82 current logical CPU: 68
Rank 83 running on computenode0
Rank 83 SLURM info: PROCID=83 LOCALID=83 NODEID=0
Rank 83 affinity mask: 92 188 
Rank 83 current logical CPU: 92
Rank 84 running on computenode0
Rank 84 SLURM info: PROCID=84 LOCALID=84 NODEID=0
Rank 84 affinity mask: 21 117 
Rank 84 current logical CPU: 21
Rank 85 running on computenode0
Rank 85 SLURM info: PROCID=85 LOCALID=85 NODEID=0
Rank 85 affinity mask: 45 141 
Rank 85 current logical CPU: 45
Rank 86 running on computenode0
Rank 86 SLURM info: PROCID=86 LOCALID=86 NODEID=0
Rank 86 affinity mask: 69 165 
Rank 86 current logical CPU: 69
Rank 87 running on computenode0
Rank 87 SLURM info: PROCID=87 LOCALID=87 NODEID=0
Rank 87 affinity mask: 93 189 
Rank 87 current logical CPU: 93
Rank 88 running on computenode0
Rank 88 SLURM info: PROCID=88 LOCALID=88 NODEID=0
Rank 88 affinity mask: 22 118 
Rank 88 current logical CPU: 22
Rank 89 running on computenode0
Rank 89 SLURM info: PROCID=89 LOCALID=89 NODEID=0
Rank 89 affinity mask: 46 142 
Rank 89 current logical CPU: 46
Rank 90 running on computenode0
Rank 90 SLURM info: PROCID=90 LOCALID=90 NODEID=0
Rank 90 affinity mask: 70 166 
Rank 90 current logical CPU: 70
Rank 91 running on computenode0
Rank 91 SLURM info: PROCID=91 LOCALID=91 NODEID=0
Rank 91 affinity mask: 94 190 
Rank 91 current logical CPU: 94
Rank 92 running on computenode0
Rank 92 SLURM info: PROCID=92 LOCALID=92 NODEID=0
Rank 92 affinity mask: 23 119 
Rank 92 current logical CPU: 23
Rank 93 running on computenode0
Rank 93 SLURM info: PROCID=93 LOCALID=93 NODEID=0
Rank 93 affinity mask: 47 143 
Rank 93 current logical CPU: 47
Rank 94 running on computenode0
Rank 94 SLURM info: PROCID=94 LOCALID=94 NODEID=0
Rank 94 affinity mask: 71 167 
Rank 94 current logical CPU: 71
Rank 95 running on computenode0
Rank 95 SLURM info: PROCID=95 LOCALID=95 NODEID=0
Rank 95 affinity mask: 95 191 
Rank 95 current logical CPU: 191

# MPI Ring Benchmark
#
# Configuration
#   MPI ranks        : 96
#   Max message size : 16777216 bytes
#   Warmup iterations: 20
#   Small iterations : 1000
#   Large iterations : 100
#   MPI_Wtick        : 1.000000000e-09 seconds
#
# Metrics
#   Exchange         : full ring exchange time
#   AggregateRingBW  : aggregate bandwidth across the ring
#
# Size(Bytes)	Exchange(us)	AggregateRingBW(MiB/s)
       1 bytes      1.97 us     46.36 MiB/s
       2 bytes      1.76 us    103.87 MiB/s
       4 bytes      1.77 us    206.76 MiB/s
       8 bytes      1.74 us    420.65 MiB/s
      16 bytes      1.72 us    850.11 MiB/s
      32 bytes      1.73 us   1692.06 MiB/s
      64 bytes      2.16 us   2709.62 MiB/s
     128 bytes      2.50 us   4695.58 MiB/s
     256 bytes      3.06 us   7651.18 MiB/s
     512 bytes      2.94 us  15948.97 MiB/s
    1024 bytes      8.50 us  11032.14 MiB/s
    2048 bytes      8.14 us  23021.42 MiB/s
    4096 bytes      8.74 us  42885.36 MiB/s
    8192 bytes      9.22 us  81301.20 MiB/s
   16384 bytes     10.19 us  147270.05 MiB/s
   32768 bytes     12.15 us  246964.60 MiB/s
   65536 bytes     18.34 us  327219.24 MiB/s
  131072 bytes     25.57 us  469228.76 MiB/s
  262144 bytes     51.32 us  467625.96 MiB/s
  524288 bytes     87.75 us  547027.69 MiB/s
 1048576 bytes    168.56 us  569532.50 MiB/s
 2097152 bytes    870.56 us  220548.22 MiB/s
 4194304 bytes   3194.11 us  120221.39 MiB/s
 8388608 bytes   8590.35 us  89402.64 MiB/s
16777216 bytes  17302.80 us  88771.75 MiB/s
  Verification data:
    rank 0 : bw=88771.748 MiB/s  checksum=  1593835520  expected=  1593835520
    rank 1 : bw=89168.055 MiB/s  checksum=           0  expected=           0
    rank 2 : bw=89553.435 MiB/s  checksum=    16777216  expected=    16777216
    rank 3 : bw=89993.636 MiB/s  checksum=    33554432  expected=    33554432
    rank 4 : bw=90222.995 MiB/s  checksum=    50331648  expected=    50331648
    rank 5 : bw=90320.006 MiB/s  checksum=    67108864  expected=    67108864
    rank 6 : bw=91267.164 MiB/s  checksum=    83886080  expected=    83886080
    rank 7 : bw=91447.860 MiB/s  checksum=   100663296  expected=   100663296
    rank 8 : bw=92096.957 MiB/s  checksum=   117440512  expected=   117440512
    rank 9 : bw=92400.137 MiB/s  checksum=   134217728  expected=   134217728
    rank 10 : bw=92423.342 MiB/s  checksum=   150994944  expected=   150994944
    rank 11 : bw=93094.584 MiB/s  checksum=   167772160  expected=   167772160
    rank 12 : bw=93094.340 MiB/s  checksum=   184549376  expected=   184549376
    rank 13 : bw=93243.346 MiB/s  checksum=   201326592  expected=   201326592
    rank 14 : bw=93913.384 MiB/s  checksum=   218103808  expected=   218103808
    rank 15 : bw=94676.755 MiB/s  checksum=   234881024  expected=   234881024
    rank 16 : bw=95069.908 MiB/s  checksum=   251658240  expected=   251658240
    rank 17 : bw=95786.152 MiB/s  checksum=   268435456  expected=   268435456
    rank 18 : bw=96026.454 MiB/s  checksum=   285212672  expected=   285212672
    rank 19 : bw=98309.157 MiB/s  checksum=   301989888  expected=   301989888
    rank 20 : bw=98901.728 MiB/s  checksum=   318767104  expected=   318767104
    rank 21 : bw=98983.164 MiB/s  checksum=   335544320  expected=   335544320
    rank 22 : bw=99199.071 MiB/s  checksum=   352321536  expected=   352321536
    rank 23 : bw=99281.775 MiB/s  checksum=   369098752  expected=   369098752
    rank 24 : bw=100397.681 MiB/s  checksum=   385875968  expected=   385875968
    rank 25 : bw=100547.240 MiB/s  checksum=   402653184  expected=   402653184
    rank 26 : bw=100631.058 MiB/s  checksum=   419430400  expected=   419430400
    rank 27 : bw=101386.011 MiB/s  checksum=   436207616  expected=   436207616
    rank 28 : bw=102391.564 MiB/s  checksum=   452984832  expected=   452984832
    rank 29 : bw=102391.353 MiB/s  checksum=   469762048  expected=   469762048
    rank 30 : bw=102784.808 MiB/s  checksum=   486539264  expected=   486539264
    rank 31 : bw=102380.112 MiB/s  checksum=   503316480  expected=   503316480
    rank 32 : bw=102087.747 MiB/s  checksum=   520093696  expected=   520093696
    rank 33 : bw=101087.771 MiB/s  checksum=   536870912  expected=   536870912
    rank 34 : bw=99622.401 MiB/s  checksum=   553648128  expected=   553648128
    rank 35 : bw=99316.799 MiB/s  checksum=   570425344  expected=   570425344
    rank 36 : bw=97918.454 MiB/s  checksum=   587202560  expected=   587202560
    rank 37 : bw=96295.321 MiB/s  checksum=   603979776  expected=   603979776
    rank 38 : bw=96053.577 MiB/s  checksum=   620756992  expected=   620756992
    rank 39 : bw=95632.407 MiB/s  checksum=   637534208  expected=   637534208
    rank 40 : bw=94983.117 MiB/s  checksum=   654311424  expected=   654311424
    rank 41 : bw=93762.211 MiB/s  checksum=   671088640  expected=   671088640
    rank 42 : bw=93625.128 MiB/s  checksum=   687865856  expected=   687865856
    rank 43 : bw=92617.389 MiB/s  checksum=   704643072  expected=   704643072
    rank 44 : bw=92149.644 MiB/s  checksum=   721420288  expected=   721420288
    rank 45 : bw=91894.845 MiB/s  checksum=   738197504  expected=   738197504
    rank 46 : bw=91742.849 MiB/s  checksum=   754974720  expected=   754974720
    rank 47 : bw=91340.324 MiB/s  checksum=   771751936  expected=   771751936
    rank 48 : bw=90113.842 MiB/s  checksum=   788529152  expected=   788529152
    rank 49 : bw=89274.178 MiB/s  checksum=   805306368  expected=   805306368
    rank 50 : bw=89139.629 MiB/s  checksum=   822083584  expected=   822083584
    rank 51 : bw=88850.666 MiB/s  checksum=   838860800  expected=   838860800
    rank 52 : bw=88458.162 MiB/s  checksum=   855638016  expected=   855638016
    rank 53 : bw=88295.059 MiB/s  checksum=   872415232  expected=   872415232
    rank 54 : bw=88063.736 MiB/s  checksum=   889192448  expected=   889192448
    rank 55 : bw=87906.591 MiB/s  checksum=   905969664  expected=   905969664
    rank 56 : bw=87664.851 MiB/s  checksum=   922746880  expected=   922746880
    rank 57 : bw=87251.201 MiB/s  checksum=   939524096  expected=   939524096
    rank 58 : bw=87046.731 MiB/s  checksum=   956301312  expected=   956301312
    rank 59 : bw=86730.321 MiB/s  checksum=   973078528  expected=   973078528
    rank 60 : bw=86484.462 MiB/s  checksum=   989855744  expected=   989855744
    rank 61 : bw=86295.687 MiB/s  checksum=  1006632960  expected=  1006632960
    rank 62 : bw=86143.601 MiB/s  checksum=  1023410176  expected=  1023410176
    rank 63 : bw=86004.182 MiB/s  checksum=  1040187392  expected=  1040187392
    rank 64 : bw=86004.122 MiB/s  checksum=  1056964608  expected=  1056964608
    rank 65 : bw=85984.896 MiB/s  checksum=  1073741824  expected=  1073741824
    rank 66 : bw=85865.734 MiB/s  checksum=  1090519040  expected=  1090519040
    rank 67 : bw=85735.750 MiB/s  checksum=  1107296256  expected=  1107296256
    rank 68 : bw=85616.819 MiB/s  checksum=  1124073472  expected=  1124073472
    rank 69 : bw=85617.003 MiB/s  checksum=  1140850688  expected=  1140850688
    rank 70 : bw=85570.600 MiB/s  checksum=  1157627904  expected=  1157627904
    rank 71 : bw=85570.753 MiB/s  checksum=  1174405120  expected=  1174405120
    rank 72 : bw=85686.790 MiB/s  checksum=  1191182336  expected=  1191182336
    rank 73 : bw=85827.169 MiB/s  checksum=  1207959552  expected=  1207959552
    rank 74 : bw=85934.105 MiB/s  checksum=  1224736768  expected=  1224736768
    rank 75 : bw=85839.459 MiB/s  checksum=  1241513984  expected=  1241513984
    rank 76 : bw=85839.364 MiB/s  checksum=  1258291200  expected=  1258291200
    rank 77 : bw=85975.444 MiB/s  checksum=  1275068416  expected=  1275068416
    rank 78 : bw=86101.768 MiB/s  checksum=  1291845632  expected=  1291845632
    rank 79 : bw=86261.519 MiB/s  checksum=  1308622848  expected=  1308622848
    rank 80 : bw=86345.742 MiB/s  checksum=  1325400064  expected=  1325400064
    rank 81 : bw=86539.700 MiB/s  checksum=  1342177280  expected=  1342177280
    rank 82 : bw=86539.575 MiB/s  checksum=  1358954496  expected=  1358954496
    rank 83 : bw=86764.108 MiB/s  checksum=  1375731712  expected=  1375731712
    rank 84 : bw=87070.410 MiB/s  checksum=  1392508928  expected=  1392508928
    rank 85 : bw=87070.660 MiB/s  checksum=  1409286144  expected=  1409286144
    rank 86 : bw=87587.709 MiB/s  checksum=  1426063360  expected=  1426063360
    rank 87 : bw=87705.527 MiB/s  checksum=  1442840576  expected=  1442840576
    rank 88 : bw=87634.046 MiB/s  checksum=  1459617792  expected=  1459617792
    rank 89 : bw=87633.991 MiB/s  checksum=  1476395008  expected=  1476395008
    rank 90 : bw=87674.406 MiB/s  checksum=  1493172224  expected=  1493172224
    rank 91 : bw=88264.635 MiB/s  checksum=  1509949440  expected=  1509949440
    rank 92 : bw=88264.362 MiB/s  checksum=  1526726656  expected=  1526726656
    rank 93 : bw=88528.051 MiB/s  checksum=  1543503872  expected=  1543503872
    rank 94 : bw=88571.402 MiB/s  checksum=  1560281088  expected=  1560281088
    rank 95 : bw=88571.365 MiB/s  checksum=  1577058304  expected=  1577058304

==============================
 3) SOCKET binding
==============================
Rank 0 running on computenode0
Rank 0 SLURM info: PROCID=0 LOCALID=0 NODEID=0
Rank 0 affinity mask: 0 1 2 3 4 5 6 7 8 9 10 11 12 13 14 15 16 17 18 19 20 21 22 23 96 97 98 99 100 101 102 103 104 105 106 107 108 109 110 111 112 113 114 115 116 117 118 119 
Rank 0 current logical CPU: 118
Rank 1 running on computenode0
Rank 1 SLURM info: PROCID=1 LOCALID=1 NODEID=0
Rank 1 affinity mask: 24 25 26 27 28 29 30 31 32 33 34 35 36 37 38 39 40 41 42 43 44 45 46 47 120 121 122 123 124 125 126 127 128 129 130 131 132 133 134 135 136 137 138 139 140 141 142 143 
Rank 1 current logical CPU: 142
Rank 2 running on computenode0
Rank 2 SLURM info: PROCID=2 LOCALID=2 NODEID=0
Rank 2 affinity mask: 48 49 50 51 52 53 54 55 56 57 58 59 60 61 62 63 64 65 66 67 68 69 70 71 144 145 146 147 148 149 150 151 152 153 154 155 156 157 158 159 160 161 162 163 164 165 166 167 
Rank 2 current logical CPU: 146
Rank 3 running on computenode0
Rank 3 SLURM info: PROCID=3 LOCALID=3 NODEID=0
Rank 3 affinity mask: 72 73 74 75 76 77 78 79 80 81 82 83 84 85 86 87 88 89 90 91 92 93 94 95 168 169 170 171 172 173 174 175 176 177 178 179 180 181 182 183 184 185 186 187 188 189 190 191 
Rank 3 current logical CPU: 82
Rank 4 running on computenode0
Rank 4 SLURM info: PROCID=4 LOCALID=4 NODEID=0
Rank 4 affinity mask: 0 1 2 3 4 5 6 7 8 9 10 11 12 13 14 15 16 17 18 19 20 21 22 23 96 97 98 99 100 101 102 103 104 105 106 107 108 109 110 111 112 113 114 115 116 117 118 119 
Rank 4 current logical CPU: 16
Rank 5 running on computenode0
Rank 5 SLURM info: PROCID=5 LOCALID=5 NODEID=0
Rank 5 affinity mask: 24 25 26 27 28 29 30 31 32 33 34 35 36 37 38 39 40 41 42 43 44 45 46 47 120 121 122 123 124 125 126 127 128 129 130 131 132 133 134 135 136 137 138 139 140 141 142 143 
Rank 5 current logical CPU: 120
Rank 6 running on computenode0
Rank 6 SLURM info: PROCID=6 LOCALID=6 NODEID=0
Rank 6 affinity mask: 48 49 50 51 52 53 54 55 56 57 58 59 60 61 62 63 64 65 66 67 68 69 70 71 144 145 146 147 148 149 150 151 152 153 154 155 156 157 158 159 160 161 162 163 164 165 166 167 
Rank 6 current logical CPU: 71
Rank 7 running on computenode0
Rank 7 SLURM info: PROCID=7 LOCALID=7 NODEID=0
Rank 7 affinity mask: 72 73 74 75 76 77 78 79 80 81 82 83 84 85 86 87 88 89 90 91 92 93 94 95 168 169 170 171 172 173 174 175 176 177 178 179 180 181 182 183 184 185 186 187 188 189 190 191 
Rank 7 current logical CPU: 78
Rank 8 running on computenode0
Rank 8 SLURM info: PROCID=8 LOCALID=8 NODEID=0
Rank 8 affinity mask: 0 1 2 3 4 5 6 7 8 9 10 11 12 13 14 15 16 17 18 19 20 21 22 23 96 97 98 99 100 101 102 103 104 105 106 107 108 109 110 111 112 113 114 115 116 117 118 119 
Rank 8 current logical CPU: 9
Rank 9 running on computenode0
Rank 9 SLURM info: PROCID=9 LOCALID=9 NODEID=0
Rank 9 affinity mask: 24 25 26 27 28 29 30 31 32 33 34 35 36 37 38 39 40 41 42 43 44 45 46 47 120 121 122 123 124 125 126 127 128 129 130 131 132 133 134 135 136 137 138 139 140 141 142 143 
Rank 9 current logical CPU: 30
Rank 10 running on computenode0
Rank 10 SLURM info: PROCID=10 LOCALID=10 NODEID=0
Rank 10 affinity mask: 48 49 50 51 52 53 54 55 56 57 58 59 60 61 62 63 64 65 66 67 68 69 70 71 144 145 146 147 148 149 150 151 152 153 154 155 156 157 158 159 160 161 162 163 164 165 166 167 
Rank 10 current logical CPU: 63
Rank 11 running on computenode0
Rank 11 SLURM info: PROCID=11 LOCALID=11 NODEID=0
Rank 11 affinity mask: 72 73 74 75 76 77 78 79 80 81 82 83 84 85 86 87 88 89 90 91 92 93 94 95 168 169 170 171 172 173 174 175 176 177 178 179 180 181 182 183 184 185 186 187 188 189 190 191 
Rank 11 current logical CPU: 174
Rank 12 running on computenode0
Rank 12 SLURM info: PROCID=12 LOCALID=12 NODEID=0
Rank 12 affinity mask: 0 1 2 3 4 5 6 7 8 9 10 11 12 13 14 15 16 17 18 19 20 21 22 23 96 97 98 99 100 101 102 103 104 105 106 107 108 109 110 111 112 113 114 115 116 117 118 119 
Rank 12 current logical CPU: 13
Rank 13 running on computenode0
Rank 13 SLURM info: PROCID=13 LOCALID=13 NODEID=0
Rank 13 affinity mask: 24 25 26 27 28 29 30 31 32 33 34 35 36 37 38 39 40 41 42 43 44 45 46 47 120 121 122 123 124 125 126 127 128 129 130 131 132 133 134 135 136 137 138 139 140 141 142 143 
Rank 13 current logical CPU: 143
Rank 14 running on computenode0
Rank 14 SLURM info: PROCID=14 LOCALID=14 NODEID=0
Rank 14 affinity mask: 48 49 50 51 52 53 54 55 56 57 58 59 60 61 62 63 64 65 66 67 68 69 70 71 144 145 146 147 148 149 150 151 152 153 154 155 156 157 158 159 160 161 162 163 164 165 166 167 
Rank 14 current logical CPU: 49
Rank 15 running on computenode0
Rank 15 SLURM info: PROCID=15 LOCALID=15 NODEID=0
Rank 15 affinity mask: 72 73 74 75 76 77 78 79 80 81 82 83 84 85 86 87 88 89 90 91 92 93 94 95 168 169 170 171 172 173 174 175 176 177 178 179 180 181 182 183 184 185 186 187 188 189 190 191 
Rank 15 current logical CPU: 87
Rank 16 running on computenode0
Rank 16 SLURM info: PROCID=16 LOCALID=16 NODEID=0
Rank 16 affinity mask: 0 1 2 3 4 5 6 7 8 9 10 11 12 13 14 15 16 17 18 19 20 21 22 23 96 97 98 99 100 101 102 103 104 105 106 107 108 109 110 111 112 113 114 115 116 117 118 119 
Rank 16 current logical CPU: 6
Rank 17 running on computenode0
Rank 17 SLURM info: PROCID=17 LOCALID=17 NODEID=0
Rank 17 affinity mask: 24 25 26 27 28 29 30 31 32 33 34 35 36 37 38 39 40 41 42 43 44 45 46 47 120 121 122 123 124 125 126 127 128 129 130 131 132 133 134 135 136 137 138 139 140 141 142 143 
Rank 17 current logical CPU: 34
Rank 18 running on computenode0
Rank 18 SLURM info: PROCID=18 LOCALID=18 NODEID=0
Rank 18 affinity mask: 48 49 50 51 52 53 54 55 56 57 58 59 60 61 62 63 64 65 66 67 68 69 70 71 144 145 146 147 148 149 150 151 152 153 154 155 156 157 158 159 160 161 162 163 164 165 166 167 
Rank 18 current logical CPU: 153
Rank 19 running on computenode0
Rank 19 SLURM info: PROCID=19 LOCALID=19 NODEID=0
Rank 19 affinity mask: 72 73 74 75 76 77 78 79 80 81 82 83 84 85 86 87 88 89 90 91 92 93 94 95 168 169 170 171 172 173 174 175 176 177 178 179 180 181 182 183 184 185 186 187 188 189 190 191 
Rank 19 current logical CPU: 72
Rank 20 running on computenode0
Rank 20 SLURM info: PROCID=20 LOCALID=20 NODEID=0
Rank 20 affinity mask: 0 1 2 3 4 5 6 7 8 9 10 11 12 13 14 15 16 17 18 19 20 21 22 23 96 97 98 99 100 101 102 103 104 105 106 107 108 109 110 111 112 113 114 115 116 117 118 119 
Rank 20 current logical CPU: 12
Rank 21 running on computenode0
Rank 21 SLURM info: PROCID=21 LOCALID=21 NODEID=0
Rank 21 affinity mask: 24 25 26 27 28 29 30 31 32 33 34 35 36 37 38 39 40 41 42 43 44 45 46 47 120 121 122 123 124 125 126 127 128 129 130 131 132 133 134 135 136 137 138 139 140 141 142 143 
Rank 21 current logical CPU: 121
Rank 22 running on computenode0
Rank 22 SLURM info: PROCID=22 LOCALID=22 NODEID=0
Rank 22 affinity mask: 48 49 50 51 52 53 54 55 56 57 58 59 60 61 62 63 64 65 66 67 68 69 70 71 144 145 146 147 148 149 150 151 152 153 154 155 156 157 158 159 160 161 162 163 164 165 166 167 
Rank 22 current logical CPU: 59
Rank 23 running on computenode0
Rank 23 SLURM info: PROCID=23 LOCALID=23 NODEID=0
Rank 23 affinity mask: 72 73 74 75 76 77 78 79 80 81 82 83 84 85 86 87 88 89 90 91 92 93 94 95 168 169 170 171 172 173 174 175 176 177 178 179 180 181 182 183 184 185 186 187 188 189 190 191 
Rank 23 current logical CPU: 92
Rank 24 running on computenode0
Rank 24 SLURM info: PROCID=24 LOCALID=24 NODEID=0
Rank 24 affinity mask: 0 1 2 3 4 5 6 7 8 9 10 11 12 13 14 15 16 17 18 19 20 21 22 23 96 97 98 99 100 101 102 103 104 105 106 107 108 109 110 111 112 113 114 115 116 117 118 119 
Rank 24 current logical CPU: 19
Rank 25 running on computenode0
Rank 25 SLURM info: PROCID=25 LOCALID=25 NODEID=0
Rank 25 affinity mask: 24 25 26 27 28 29 30 31 32 33 34 35 36 37 38 39 40 41 42 43 44 45 46 47 120 121 122 123 124 125 126 127 128 129 130 131 132 133 134 135 136 137 138 139 140 141 142 143 
Rank 25 current logical CPU: 139
Rank 26 running on computenode0
Rank 26 SLURM info: PROCID=26 LOCALID=26 NODEID=0
Rank 26 affinity mask: 48 49 50 51 52 53 54 55 56 57 58 59 60 61 62 63 64 65 66 67 68 69 70 71 144 145 146 147 148 149 150 151 152 153 154 155 156 157 158 159 160 161 162 163 164 165 166 167 
Rank 26 current logical CPU: 55
Rank 27 running on computenode0
Rank 27 SLURM info: PROCID=27 LOCALID=27 NODEID=0
Rank 27 affinity mask: 72 73 74 75 76 77 78 79 80 81 82 83 84 85 86 87 88 89 90 91 92 93 94 95 168 169 170 171 172 173 174 175 176 177 178 179 180 181 182 183 184 185 186 187 188 189 190 191 
Rank 27 current logical CPU: 86
Rank 28 running on computenode0
Rank 28 SLURM info: PROCID=28 LOCALID=28 NODEID=0
Rank 28 affinity mask: 0 1 2 3 4 5 6 7 8 9 10 11 12 13 14 15 16 17 18 19 20 21 22 23 96 97 98 99 100 101 102 103 104 105 106 107 108 109 110 111 112 113 114 115 116 117 118 119 
Rank 28 current logical CPU: 117
Rank 29 running on computenode0
Rank 29 SLURM info: PROCID=29 LOCALID=29 NODEID=0
Rank 29 affinity mask: 24 25 26 27 28 29 30 31 32 33 34 35 36 37 38 39 40 41 42 43 44 45 46 47 120 121 122 123 124 125 126 127 128 129 130 131 132 133 134 135 136 137 138 139 140 141 142 143 
Rank 29 current logical CPU: 128
Rank 30 running on computenode0
Rank 30 SLURM info: PROCID=30 LOCALID=30 NODEID=0
Rank 30 affinity mask: 48 49 50 51 52 53 54 55 56 57 58 59 60 61 62 63 64 65 66 67 68 69 70 71 144 145 146 147 148 149 150 151 152 153 154 155 156 157 158 159 160 161 162 163 164 165 166 167 
Rank 30 current logical CPU: 62
Rank 31 running on computenode0
Rank 31 SLURM info: PROCID=31 LOCALID=31 NODEID=0
Rank 31 affinity mask: 72 73 74 75 76 77 78 79 80 81 82 83 84 85 86 87 88 89 90 91 92 93 94 95 168 169 170 171 172 173 174 175 176 177 178 179 180 181 182 183 184 185 186 187 188 189 190 191 
Rank 31 current logical CPU: 76
Rank 32 running on computenode0
Rank 32 SLURM info: PROCID=32 LOCALID=32 NODEID=0
Rank 32 affinity mask: 0 1 2 3 4 5 6 7 8 9 10 11 12 13 14 15 16 17 18 19 20 21 22 23 96 97 98 99 100 101 102 103 104 105 106 107 108 109 110 111 112 113 114 115 116 117 118 119 
Rank 32 current logical CPU: 5
Rank 33 running on computenode0
Rank 33 SLURM info: PROCID=33 LOCALID=33 NODEID=0
Rank 33 affinity mask: 24 25 26 27 28 29 30 31 32 33 34 35 36 37 38 39 40 41 42 43 44 45 46 47 120 121 122 123 124 125 126 127 128 129 130 131 132 133 134 135 136 137 138 139 140 141 142 143 
Rank 33 current logical CPU: 42
Rank 34 running on computenode0
Rank 34 SLURM info: PROCID=34 LOCALID=34 NODEID=0
Rank 34 affinity mask: 48 49 50 51 52 53 54 55 56 57 58 59 60 61 62 63 64 65 66 67 68 69 70 71 144 145 146 147 148 149 150 151 152 153 154 155 156 157 158 159 160 161 162 163 164 165 166 167 
Rank 34 current logical CPU: 66
Rank 35 running on computenode0
Rank 35 SLURM info: PROCID=35 LOCALID=35 NODEID=0
Rank 35 affinity mask: 72 73 74 75 76 77 78 79 80 81 82 83 84 85 86 87 88 89 90 91 92 93 94 95 168 169 170 171 172 173 174 175 176 177 178 179 180 181 182 183 184 185 186 187 188 189 190 191 
Rank 35 current logical CPU: 185
Rank 36 running on computenode0
Rank 36 SLURM info: PROCID=36 LOCALID=36 NODEID=0
Rank 36 affinity mask: 0 1 2 3 4 5 6 7 8 9 10 11 12 13 14 15 16 17 18 19 20 21 22 23 96 97 98 99 100 101 102 103 104 105 106 107 108 109 110 111 112 113 114 115 116 117 118 119 
Rank 36 current logical CPU: 0
Rank 37 running on computenode0
Rank 37 SLURM info: PROCID=37 LOCALID=37 NODEID=0
Rank 37 affinity mask: 24 25 26 27 28 29 30 31 32 33 34 35 36 37 38 39 40 41 42 43 44 45 46 47 120 121 122 123 124 125 126 127 128 129 130 131 132 133 134 135 136 137 138 139 140 141 142 143 
Rank 37 current logical CPU: 33
Rank 38 running on computenode0
Rank 38 SLURM info: PROCID=38 LOCALID=38 NODEID=0
Rank 38 affinity mask: 48 49 50 51 52 53 54 55 56 57 58 59 60 61 62 63 64 65 66 67 68 69 70 71 144 145 146 147 148 149 150 151 152 153 154 155 156 157 158 159 160 161 162 163 164 165 166 167 
Rank 38 current logical CPU: 69
Rank 39 running on computenode0
Rank 39 SLURM info: PROCID=39 LOCALID=39 NODEID=0
Rank 39 affinity mask: 72 73 74 75 76 77 78 79 80 81 82 83 84 85 86 87 88 89 90 91 92 93 94 95 168 169 170 171 172 173 174 175 176 177 178 179 180 181 182 183 184 185 186 187 188 189 190 191 
Rank 39 current logical CPU: 190
Rank 40 running on computenode0
Rank 40 SLURM info: PROCID=40 LOCALID=40 NODEID=0
Rank 40 affinity mask: 0 1 2 3 4 5 6 7 8 9 10 11 12 13 14 15 16 17 18 19 20 21 22 23 96 97 98 99 100 101 102 103 104 105 106 107 108 109 110 111 112 113 114 115 116 117 118 119 
Rank 40 current logical CPU: 18
Rank 41 running on computenode0
Rank 41 SLURM info: PROCID=41 LOCALID=41 NODEID=0
Rank 41 affinity mask: 24 25 26 27 28 29 30 31 32 33 34 35 36 37 38 39 40 41 42 43 44 45 46 47 120 121 122 123 124 125 126 127 128 129 130 131 132 133 134 135 136 137 138 139 140 141 142 143 
Rank 41 current logical CPU: 136
Rank 42 running on computenode0
Rank 42 SLURM info: PROCID=42 LOCALID=42 NODEID=0
Rank 42 affinity mask: 48 49 50 51 52 53 54 55 56 57 58 59 60 61 62 63 64 65 66 67 68 69 70 71 144 145 146 147 148 149 150 151 152 153 154 155 156 157 158 159 160 161 162 163 164 165 166 167 
Rank 42 current logical CPU: 54
Rank 43 running on computenode0
Rank 43 SLURM info: PROCID=43 LOCALID=43 NODEID=0
Rank 43 affinity mask: 72 73 74 75 76 77 78 79 80 81 82 83 84 85 86 87 88 89 90 91 92 93 94 95 168 169 170 171 172 173 174 175 176 177 178 179 180 181 182 183 184 185 186 187 188 189 190 191 
Rank 43 current logical CPU: 73
Rank 44 running on computenode0
Rank 44 SLURM info: PROCID=44 LOCALID=44 NODEID=0
Rank 44 affinity mask: 0 1 2 3 4 5 6 7 8 9 10 11 12 13 14 15 16 17 18 19 20 21 22 23 96 97 98 99 100 101 102 103 104 105 106 107 108 109 110 111 112 113 114 115 116 117 118 119 
Rank 44 current logical CPU: 15
Rank 45 running on computenode0
Rank 45 SLURM info: PROCID=45 LOCALID=45 NODEID=0
Rank 45 affinity mask: 24 25 26 27 28 29 30 31 32 33 34 35 36 37 38 39 40 41 42 43 44 45 46 47 120 121 122 123 124 125 126 127 128 129 130 131 132 133 134 135 136 137 138 139 140 141 142 143 
Rank 45 current logical CPU: 41
Rank 46 running on computenode0
Rank 46 SLURM info: PROCID=46 LOCALID=46 NODEID=0
Rank 46 affinity mask: 48 49 50 51 52 53 54 55 56 57 58 59 60 61 62 63 64 65 66 67 68 69 70 71 144 145 146 147 148 149 150 151 152 153 154 155 156 157 158 159 160 161 162 163 164 165 166 167 
Rank 46 current logical CPU: 52
Rank 47 running on computenode0
Rank 47 SLURM info: PROCID=47 LOCALID=47 NODEID=0
Rank 47 affinity mask: 72 73 74 75 76 77 78 79 80 81 82 83 84 85 86 87 88 89 90 91 92 93 94 95 168 169 170 171 172 173 174 175 176 177 178 179 180 181 182 183 184 185 186 187 188 189 190 191 
Rank 47 current logical CPU: 85
Rank 48 running on computenode0
Rank 48 SLURM info: PROCID=48 LOCALID=48 NODEID=0
Rank 48 affinity mask: 0 1 2 3 4 5 6 7 8 9 10 11 12 13 14 15 16 17 18 19 20 21 22 23 96 97 98 99 100 101 102 103 104 105 106 107 108 109 110 111 112 113 114 115 116 117 118 119 
Rank 48 current logical CPU: 107
Rank 49 running on computenode0
Rank 49 SLURM info: PROCID=49 LOCALID=49 NODEID=0
Rank 49 affinity mask: 24 25 26 27 28 29 30 31 32 33 34 35 36 37 38 39 40 41 42 43 44 45 46 47 120 121 122 123 124 125 126 127 128 129 130 131 132 133 134 135 136 137 138 139 140 141 142 143 
Rank 49 current logical CPU: 141
Rank 50 running on computenode0
Rank 50 SLURM info: PROCID=50 LOCALID=50 NODEID=0
Rank 50 affinity mask: 48 49 50 51 52 53 54 55 56 57 58 59 60 61 62 63 64 65 66 67 68 69 70 71 144 145 146 147 148 149 150 151 152 153 154 155 156 157 158 159 160 161 162 163 164 165 166 167 
Rank 50 current logical CPU: 156
Rank 51 running on computenode0
Rank 51 SLURM info: PROCID=51 LOCALID=51 NODEID=0
Rank 51 affinity mask: 72 73 74 75 76 77 78 79 80 81 82 83 84 85 86 87 88 89 90 91 92 93 94 95 168 169 170 171 172 173 174 175 176 177 178 179 180 181 182 183 184 185 186 187 188 189 190 191 
Rank 51 current logical CPU: 187
Rank 52 running on computenode0
Rank 52 SLURM info: PROCID=52 LOCALID=52 NODEID=0
Rank 52 affinity mask: 0 1 2 3 4 5 6 7 8 9 10 11 12 13 14 15 16 17 18 19 20 21 22 23 96 97 98 99 100 101 102 103 104 105 106 107 108 109 110 111 112 113 114 115 116 117 118 119 
Rank 52 current logical CPU: 116
Rank 53 running on computenode0
Rank 53 SLURM info: PROCID=53 LOCALID=53 NODEID=0
Rank 53 affinity mask: 24 25 26 27 28 29 30 31 32 33 34 35 36 37 38 39 40 41 42 43 44 45 46 47 120 121 122 123 124 125 126 127 128 129 130 131 132 133 134 135 136 137 138 139 140 141 142 143 
Rank 53 current logical CPU: 35
Rank 54 running on computenode0
Rank 54 SLURM info: PROCID=54 LOCALID=54 NODEID=0
Rank 54 affinity mask: 48 49 50 51 52 53 54 55 56 57 58 59 60 61 62 63 64 65 66 67 68 69 70 71 144 145 146 147 148 149 150 151 152 153 154 155 156 157 158 159 160 161 162 163 164 165 166 167 
Rank 54 current logical CPU: 161
Rank 55 running on computenode0
Rank 55 SLURM info: PROCID=55 LOCALID=55 NODEID=0
Rank 55 affinity mask: 72 73 74 75 76 77 78 79 80 81 82 83 84 85 86 87 88 89 90 91 92 93 94 95 168 169 170 171 172 173 174 175 176 177 178 179 180 181 182 183 184 185 186 187 188 189 190 191 
Rank 55 current logical CPU: 93
Rank 56 running on computenode0
Rank 56 SLURM info: PROCID=56 LOCALID=56 NODEID=0
Rank 56 affinity mask: 0 1 2 3 4 5 6 7 8 9 10 11 12 13 14 15 16 17 18 19 20 21 22 23 96 97 98 99 100 101 102 103 104 105 106 107 108 109 110 111 112 113 114 115 116 117 118 119 
Rank 56 current logical CPU: 14
Rank 57 running on computenode0
Rank 57 SLURM info: PROCID=57 LOCALID=57 NODEID=0
Rank 57 affinity mask: 24 25 26 27 28 29 30 31 32 33 34 35 36 37 38 39 40 41 42 43 44 45 46 47 120 121 122 123 124 125 126 127 128 129 130 131 132 133 134 135 136 137 138 139 140 141 142 143 
Rank 57 current logical CPU: 134
Rank 58 running on computenode0
Rank 58 SLURM info: PROCID=58 LOCALID=58 NODEID=0
Rank 58 affinity mask: 48 49 50 51 52 53 54 55 56 57 58 59 60 61 62 63 64 65 66 67 68 69 70 71 144 145 146 147 148 149 150 151 152 153 154 155 156 157 158 159 160 161 162 163 164 165 166 167 
Rank 58 current logical CPU: 67
Rank 59 running on computenode0
Rank 59 SLURM info: PROCID=59 LOCALID=59 NODEID=0
Rank 59 affinity mask: 72 73 74 75 76 77 78 79 80 81 82 83 84 85 86 87 88 89 90 91 92 93 94 95 168 169 170 171 172 173 174 175 176 177 178 179 180 181 182 183 184 185 186 187 188 189 190 191 
Rank 59 current logical CPU: 175
Rank 60 running on computenode0
Rank 60 SLURM info: PROCID=60 LOCALID=60 NODEID=0
Rank 60 affinity mask: 0 1 2 3 4 5 6 7 8 9 10 11 12 13 14 15 16 17 18 19 20 21 22 23 96 97 98 99 100 101 102 103 104 105 106 107 108 109 110 111 112 113 114 115 116 117 118 119 
Rank 60 current logical CPU: 119
Rank 61 running on computenode0
Rank 61 SLURM info: PROCID=61 LOCALID=61 NODEID=0
Rank 61 affinity mask: 24 25 26 27 28 29 30 31 32 33 34 35 36 37 38 39 40 41 42 43 44 45 46 47 120 121 122 123 124 125 126 127 128 129 130 131 132 133 134 135 136 137 138 139 140 141 142 143 
Rank 61 current logical CPU: 32
Rank 62 running on computenode0
Rank 62 SLURM info: PROCID=62 LOCALID=62 NODEID=0
Rank 62 affinity mask: 48 49 50 51 52 53 54 55 56 57 58 59 60 61 62 63 64 65 66 67 68 69 70 71 144 145 146 147 148 149 150 151 152 153 154 155 156 157 158 159 160 161 162 163 164 165 166 167 
Rank 62 current logical CPU: 61
Rank 63 running on computenode0
Rank 63 SLURM info: PROCID=63 LOCALID=63 NODEID=0
Rank 63 affinity mask: 72 73 74 75 76 77 78 79 80 81 82 83 84 85 86 87 88 89 90 91 92 93 94 95 168 169 170 171 172 173 174 175 176 177 178 179 180 181 182 183 184 185 186 187 188 189 190 191 
Rank 63 current logical CPU: 77
Rank 64 running on computenode0
Rank 64 SLURM info: PROCID=64 LOCALID=64 NODEID=0
Rank 64 affinity mask: 0 1 2 3 4 5 6 7 8 9 10 11 12 13 14 15 16 17 18 19 20 21 22 23 96 97 98 99 100 101 102 103 104 105 106 107 108 109 110 111 112 113 114 115 116 117 118 119 
Rank 64 current logical CPU: 2
Rank 65 running on computenode0
Rank 65 SLURM info: PROCID=65 LOCALID=65 NODEID=0
Rank 65 affinity mask: 24 25 26 27 28 29 30 31 32 33 34 35 36 37 38 39 40 41 42 43 44 45 46 47 120 121 122 123 124 125 126 127 128 129 130 131 132 133 134 135 136 137 138 139 140 141 142 143 
Rank 65 current logical CPU: 122
Rank 66 running on computenode0
Rank 66 SLURM info: PROCID=66 LOCALID=66 NODEID=0
Rank 66 affinity mask: 48 49 50 51 52 53 54 55 56 57 58 59 60 61 62 63 64 65 66 67 68 69 70 71 144 145 146 147 148 149 150 151 152 153 154 155 156 157 158 159 160 161 162 163 164 165 166 167 
Rank 66 current logical CPU: 152
Rank 67 running on computenode0
Rank 67 SLURM info: PROCID=67 LOCALID=67 NODEID=0
Rank 67 affinity mask: 72 73 74 75 76 77 78 79 80 81 82 83 84 85 86 87 88 89 90 91 92 93 94 95 168 169 170 171 172 173 174 175 176 177 178 179 180 181 182 183 184 185 186 187 188 189 190 191 
Rank 67 current logical CPU: 186
Rank 68 running on computenode0
Rank 68 SLURM info: PROCID=68 LOCALID=68 NODEID=0
Rank 68 affinity mask: 0 1 2 3 4 5 6 7 8 9 10 11 12 13 14 15 16 17 18 19 20 21 22 23 96 97 98 99 100 101 102 103 104 105 106 107 108 109 110 111 112 113 114 115 116 117 118 119 
Rank 68 current logical CPU: 8
Rank 69 running on computenode0
Rank 69 SLURM info: PROCID=69 LOCALID=69 NODEID=0
Rank 69 affinity mask: 24 25 26 27 28 29 30 31 32 33 34 35 36 37 38 39 40 41 42 43 44 45 46 47 120 121 122 123 124 125 126 127 128 129 130 131 132 133 134 135 136 137 138 139 140 141 142 143 
Rank 69 current logical CPU: 28
Rank 70 running on computenode0
Rank 70 SLURM info: PROCID=70 LOCALID=70 NODEID=0
Rank 70 affinity mask: 48 49 50 51 52 53 54 55 56 57 58 59 60 61 62 63 64 65 66 67 68 69 70 71 144 145 146 147 148 149 150 151 152 153 154 155 156 157 158 159 160 161 162 163 164 165 166 167 
Rank 70 current logical CPU: 53
Rank 71 running on computenode0
Rank 71 SLURM info: PROCID=71 LOCALID=71 NODEID=0
Rank 71 affinity mask: 72 73 74 75 76 77 78 79 80 81 82 83 84 85 86 87 88 89 90 91 92 93 94 95 168 169 170 171 172 173 174 175 176 177 178 179 180 181 182 183 184 185 186 187 188 189 190 191 
Rank 71 current logical CPU: 81
Rank 72 running on computenode0
Rank 72 SLURM info: PROCID=72 LOCALID=72 NODEID=0
Rank 72 affinity mask: 0 1 2 3 4 5 6 7 8 9 10 11 12 13 14 15 16 17 18 19 20 21 22 23 96 97 98 99 100 101 102 103 104 105 106 107 108 109 110 111 112 113 114 115 116 117 118 119 
Rank 72 current logical CPU: 106
Rank 73 running on computenode0
Rank 73 SLURM info: PROCID=73 LOCALID=73 NODEID=0
Rank 73 affinity mask: 24 25 26 27 28 29 30 31 32 33 34 35 36 37 38 39 40 41 42 43 44 45 46 47 120 121 122 123 124 125 126 127 128 129 130 131 132 133 134 135 136 137 138 139 140 141 142 143 
Rank 73 current logical CPU: 36
Rank 74 running on computenode0
Rank 74 SLURM info: PROCID=74 LOCALID=74 NODEID=0
Rank 74 affinity mask: 48 49 50 51 52 53 54 55 56 57 58 59 60 61 62 63 64 65 66 67 68 69 70 71 144 145 146 147 148 149 150 151 152 153 154 155 156 157 158 159 160 161 162 163 164 165 166 167 
Rank 74 current logical CPU: 48
Rank 75 running on computenode0
Rank 75 SLURM info: PROCID=75 LOCALID=75 NODEID=0
Rank 75 affinity mask: 72 73 74 75 76 77 78 79 80 81 82 83 84 85 86 87 88 89 90 91 92 93 94 95 168 169 170 171 172 173 174 175 176 177 178 179 180 181 182 183 184 185 186 187 188 189 190 191 
Rank 75 current logical CPU: 176
Rank 76 running on computenode0
Rank 76 SLURM info: PROCID=76 LOCALID=76 NODEID=0
Rank 76 affinity mask: 0 1 2 3 4 5 6 7 8 9 10 11 12 13 14 15 16 17 18 19 20 21 22 23 96 97 98 99 100 101 102 103 104 105 106 107 108 109 110 111 112 113 114 115 116 117 118 119 
Rank 76 current logical CPU: 4
Rank 77 running on computenode0
Rank 77 SLURM info: PROCID=77 LOCALID=77 NODEID=0
Rank 77 affinity mask: 24 25 26 27 28 29 30 31 32 33 34 35 36 37 38 39 40 41 42 43 44 45 46 47 120 121 122 123 124 125 126 127 128 129 130 131 132 133 134 135 136 137 138 139 140 141 142 143 
Rank 77 current logical CPU: 131
Rank 78 running on computenode0
Rank 78 SLURM info: PROCID=78 LOCALID=78 NODEID=0
Rank 78 affinity mask: 48 49 50 51 52 53 54 55 56 57 58 59 60 61 62 63 64 65 66 67 68 69 70 71 144 145 146 147 148 149 150 151 152 153 154 155 156 157 158 159 160 161 162 163 164 165 166 167 
Rank 78 current logical CPU: 70
Rank 79 running on computenode0
Rank 79 SLURM info: PROCID=79 LOCALID=79 NODEID=0
Rank 79 affinity mask: 72 73 74 75 76 77 78 79 80 81 82 83 84 85 86 87 88 89 90 91 92 93 94 95 168 169 170 171 172 173 174 175 176 177 178 179 180 181 182 183 184 185 186 187 188 189 190 191 
Rank 79 current logical CPU: 83
Rank 80 running on computenode0
Rank 80 SLURM info: PROCID=80 LOCALID=80 NODEID=0
Rank 80 affinity mask: 0 1 2 3 4 5 6 7 8 9 10 11 12 13 14 15 16 17 18 19 20 21 22 23 96 97 98 99 100 101 102 103 104 105 106 107 108 109 110 111 112 113 114 115 116 117 118 119 
Rank 80 current logical CPU: 99
Rank 81 running on computenode0
Rank 81 SLURM info: PROCID=81 LOCALID=81 NODEID=0
Rank 81 affinity mask: 24 25 26 27 28 29 30 31 32 33 34 35 36 37 38 39 40 41 42 43 44 45 46 47 120 121 122 123 124 125 126 127 128 129 130 131 132 133 134 135 136 137 138 139 140 141 142 143 
Rank 81 current logical CPU: 135
Rank 82 running on computenode0
Rank 82 SLURM info: PROCID=82 LOCALID=82 NODEID=0
Rank 82 affinity mask: 48 49 50 51 52 53 54 55 56 57 58 59 60 61 62 63 64 65 66 67 68 69 70 71 144 145 146 147 148 149 150 151 152 153 154 155 156 157 158 159 160 161 162 163 164 165 166 167 
Rank 82 current logical CPU: 68
Rank 83 running on computenode0
Rank 83 SLURM info: PROCID=83 LOCALID=83 NODEID=0
Rank 83 affinity mask: 72 73 74 75 76 77 78 79 80 81 82 83 84 85 86 87 88 89 90 91 92 93 94 95 168 169 170 171 172 173 174 175 176 177 178 179 180 181 182 183 184 185 186 187 188 189 190 191 
Rank 83 current logical CPU: 74
Rank 84 running on computenode0
Rank 84 SLURM info: PROCID=84 LOCALID=84 NODEID=0
Rank 84 affinity mask: 0 1 2 3 4 5 6 7 8 9 10 11 12 13 14 15 16 17 18 19 20 21 22 23 96 97 98 99 100 101 102 103 104 105 106 107 108 109 110 111 112 113 114 115 116 117 118 119 
Rank 84 current logical CPU: 97
Rank 85 running on computenode0
Rank 85 SLURM info: PROCID=85 LOCALID=85 NODEID=0
Rank 85 affinity mask: 24 25 26 27 28 29 30 31 32 33 34 35 36 37 38 39 40 41 42 43 44 45 46 47 120 121 122 123 124 125 126 127 128 129 130 131 132 133 134 135 136 137 138 139 140 141 142 143 
Rank 85 current logical CPU: 37
Rank 86 running on computenode0
Rank 86 SLURM info: PROCID=86 LOCALID=86 NODEID=0
Rank 86 affinity mask: 48 49 50 51 52 53 54 55 56 57 58 59 60 61 62 63 64 65 66 67 68 69 70 71 144 145 146 147 148 149 150 151 152 153 154 155 156 157 158 159 160 161 162 163 164 165 166 167 
Rank 86 current logical CPU: 154
Rank 87 running on computenode0
Rank 87 SLURM info: PROCID=87 LOCALID=87 NODEID=0
Rank 87 affinity mask: 72 73 74 75 76 77 78 79 80 81 82 83 84 85 86 87 88 89 90 91 92 93 94 95 168 169 170 171 172 173 174 175 176 177 178 179 180 181 182 183 184 185 186 187 188 189 190 191 
Rank 87 current logical CPU: 180
Rank 88 running on computenode0
Rank 88 SLURM info: PROCID=88 LOCALID=88 NODEID=0
Rank 88 affinity mask: 0 1 2 3 4 5 6 7 8 9 10 11 12 13 14 15 16 17 18 19 20 21 22 23 96 97 98 99 100 101 102 103 104 105 106 107 108 109 110 111 112 113 114 115 116 117 118 119 
Rank 88 current logical CPU: 7
Rank 89 running on computenode0
Rank 89 SLURM info: PROCID=89 LOCALID=89 NODEID=0
Rank 89 affinity mask: 24 25 26 27 28 29 30 31 32 33 34 35 36 37 38 39 40 41 42 43 44 45 46 47 120 121 122 123 124 125 126 127 128 129 130 131 132 133 134 135 136 137 138 139 140 141 142 143 
Rank 89 current logical CPU: 140
Rank 90 running on computenode0
Rank 90 SLURM info: PROCID=90 LOCALID=90 NODEID=0
Rank 90 affinity mask: 48 49 50 51 52 53 54 55 56 57 58 59 60 61 62 63 64 65 66 67 68 69 70 71 144 145 146 147 148 149 150 151 152 153 154 155 156 157 158 159 160 161 162 163 164 165 166 167 
Rank 90 current logical CPU: 64
Rank 91 running on computenode0
Rank 91 SLURM info: PROCID=91 LOCALID=91 NODEID=0
Rank 91 affinity mask: 72 73 74 75 76 77 78 79 80 81 82 83 84 85 86 87 88 89 90 91 92 93 94 95 168 169 170 171 172 173 174 175 176 177 178 179 180 181 182 183 184 185 186 187 188 189 190 191 
Rank 91 current logical CPU: 171
Rank 92 running on computenode0
Rank 92 SLURM info: PROCID=92 LOCALID=92 NODEID=0
Rank 92 affinity mask: 0 1 2 3 4 5 6 7 8 9 10 11 12 13 14 15 16 17 18 19 20 21 22 23 96 97 98 99 100 101 102 103 104 105 106 107 108 109 110 111 112 113 114 115 116 117 118 119 
Rank 92 current logical CPU: 113
Rank 93 running on computenode0
Rank 93 SLURM info: PROCID=93 LOCALID=93 NODEID=0
Rank 93 affinity mask: 24 25 26 27 28 29 30 31 32 33 34 35 36 37 38 39 40 41 42 43 44 45 46 47 120 121 122 123 124 125 126 127 128 129 130 131 132 133 134 135 136 137 138 139 140 141 142 143 
Rank 93 current logical CPU: 127
Rank 94 running on computenode0
Rank 94 SLURM info: PROCID=94 LOCALID=94 NODEID=0
Rank 94 affinity mask: 48 49 50 51 52 53 54 55 56 57 58 59 60 61 62 63 64 65 66 67 68 69 70 71 144 145 146 147 148 149 150 151 152 153 154 155 156 157 158 159 160 161 162 163 164 165 166 167 
Rank 94 current logical CPU: 51
Rank 95 running on computenode0
Rank 95 SLURM info: PROCID=95 LOCALID=95 NODEID=0
Rank 95 affinity mask: 72 73 74 75 76 77 78 79 80 81 82 83 84 85 86 87 88 89 90 91 92 93 94 95 168 169 170 171 172 173 174 175 176 177 178 179 180 181 182 183 184 185 186 187 188 189 190 191 
Rank 95 current logical CPU: 184

# MPI Ring Benchmark
#
# Configuration
#   MPI ranks        : 96
#   Max message size : 16777216 bytes
#   Warmup iterations: 20
#   Small iterations : 1000
#   Large iterations : 100
#   MPI_Wtick        : 1.000000000e-09 seconds
#
# Metrics
#   Exchange         : full ring exchange time
#   AggregateRingBW  : aggregate bandwidth across the ring
#
# Size(Bytes)	Exchange(us)	AggregateRingBW(MiB/s)
       1 bytes      2.02 us     45.40 MiB/s
       2 bytes      1.82 us    100.80 MiB/s
       4 bytes      1.75 us    209.61 MiB/s
       8 bytes      1.90 us    385.04 MiB/s
      16 bytes      1.79 us    816.47 MiB/s
      32 bytes      1.82 us   1613.88 MiB/s
      64 bytes      2.25 us   2601.42 MiB/s
     128 bytes      2.49 us   4702.97 MiB/s
     256 bytes      3.14 us   7455.19 MiB/s
     512 bytes      2.97 us  15808.31 MiB/s
    1024 bytes      8.17 us  11481.60 MiB/s
    2048 bytes      8.15 us  23018.90 MiB/s
    4096 bytes      8.72 us  43025.59 MiB/s
    8192 bytes      9.22 us  81366.74 MiB/s
   16384 bytes     10.68 us  140436.68 MiB/s
   32768 bytes     12.67 us  236708.99 MiB/s
   65536 bytes     18.21 us  329548.47 MiB/s
  131072 bytes     28.35 us  423239.97 MiB/s
  262144 bytes     50.16 us  478513.16 MiB/s
  524288 bytes    123.84 us  387582.85 MiB/s
 1048576 bytes    178.86 us  536723.70 MiB/s
 2097152 bytes   1166.18 us  164640.47 MiB/s
 4194304 bytes   3285.28 us  116884.94 MiB/s
 8388608 bytes   8973.92 us  85581.29 MiB/s
16777216 bytes  18556.67 us  82773.47 MiB/s
  Verification data:
    rank 0 : bw=82773.467 MiB/s  checksum=  1593835520  expected=  1593835520
    rank 1 : bw=82898.332 MiB/s  checksum=           0  expected=           0
    rank 2 : bw=82898.364 MiB/s  checksum=    16777216  expected=    16777216
    rank 3 : bw=82929.835 MiB/s  checksum=    33554432  expected=    33554432
    rank 4 : bw=83026.741 MiB/s  checksum=    50331648  expected=    50331648
    rank 5 : bw=83173.528 MiB/s  checksum=    67108864  expected=    67108864
    rank 6 : bw=83276.081 MiB/s  checksum=    83886080  expected=    83886080
    rank 7 : bw=83473.280 MiB/s  checksum=   100663296  expected=   100663296
    rank 8 : bw=83548.977 MiB/s  checksum=   117440512  expected=   117440512
    rank 9 : bw=84111.734 MiB/s  checksum=   134217728  expected=   134217728
    rank 10 : bw=84278.655 MiB/s  checksum=   150994944  expected=   150994944
    rank 11 : bw=84544.937 MiB/s  checksum=   167772160  expected=   167772160
    rank 12 : bw=85212.495 MiB/s  checksum=   184549376  expected=   184549376
    rank 13 : bw=85405.605 MiB/s  checksum=   201326592  expected=   201326592
    rank 14 : bw=85840.884 MiB/s  checksum=   218103808  expected=   218103808
    rank 15 : bw=86110.668 MiB/s  checksum=   234881024  expected=   234881024
    rank 16 : bw=86073.674 MiB/s  checksum=   251658240  expected=   251658240
    rank 17 : bw=86073.719 MiB/s  checksum=   268435456  expected=   268435456
    rank 18 : bw=86385.662 MiB/s  checksum=   285212672  expected=   285212672
    rank 19 : bw=86385.588 MiB/s  checksum=   301989888  expected=   301989888
    rank 20 : bw=86851.000 MiB/s  checksum=   318767104  expected=   318767104
    rank 21 : bw=86200.384 MiB/s  checksum=   335544320  expected=   335544320
    rank 22 : bw=85891.135 MiB/s  checksum=   352321536  expected=   352321536
    rank 23 : bw=85581.622 MiB/s  checksum=   369098752  expected=   369098752
    rank 24 : bw=85179.997 MiB/s  checksum=   385875968  expected=   385875968
    rank 25 : bw=84928.111 MiB/s  checksum=   402653184  expected=   402653184
    rank 26 : bw=84645.374 MiB/s  checksum=   419430400  expected=   419430400
    rank 27 : bw=84435.632 MiB/s  checksum=   436207616  expected=   436207616
    rank 28 : bw=84326.069 MiB/s  checksum=   452984832  expected=   452984832
    rank 29 : bw=84116.816 MiB/s  checksum=   469762048  expected=   469762048
    rank 30 : bw=83985.896 MiB/s  checksum=   486539264  expected=   486539264
    rank 31 : bw=83817.771 MiB/s  checksum=   503316480  expected=   503316480
    rank 32 : bw=83679.344 MiB/s  checksum=   520093696  expected=   520093696
    rank 33 : bw=83525.728 MiB/s  checksum=   536870912  expected=   536870912
    rank 34 : bw=83525.691 MiB/s  checksum=   553648128  expected=   553648128
    rank 35 : bw=83640.761 MiB/s  checksum=   570425344  expected=   570425344
    rank 36 : bw=83888.144 MiB/s  checksum=   587202560  expected=   587202560
    rank 37 : bw=84000.096 MiB/s  checksum=   603979776  expected=   603979776
    rank 38 : bw=83880.099 MiB/s  checksum=   620756992  expected=   620756992
    rank 39 : bw=83880.095 MiB/s  checksum=   637534208  expected=   637534208
    rank 40 : bw=83999.504 MiB/s  checksum=   654311424  expected=   654311424
    rank 41 : bw=84021.027 MiB/s  checksum=   671088640  expected=   671088640
    rank 42 : bw=84123.461 MiB/s  checksum=   687865856  expected=   687865856
    rank 43 : bw=84200.267 MiB/s  checksum=   704643072  expected=   704643072
    rank 44 : bw=84567.396 MiB/s  checksum=   721420288  expected=   721420288
    rank 45 : bw=84685.526 MiB/s  checksum=   738197504  expected=   738197504
    rank 46 : bw=85253.759 MiB/s  checksum=   754974720  expected=   754974720
    rank 47 : bw=85396.730 MiB/s  checksum=   771751936  expected=   771751936
    rank 48 : bw=86301.376 MiB/s  checksum=   788529152  expected=   788529152
    rank 49 : bw=86594.358 MiB/s  checksum=   805306368  expected=   805306368
    rank 50 : bw=86412.581 MiB/s  checksum=   822083584  expected=   822083584
    rank 51 : bw=86148.942 MiB/s  checksum=   838860800  expected=   838860800
    rank 52 : bw=86148.683 MiB/s  checksum=   855638016  expected=   855638016
    rank 53 : bw=86753.328 MiB/s  checksum=   872415232  expected=   872415232
    rank 54 : bw=86309.481 MiB/s  checksum=   889192448  expected=   889192448
    rank 55 : bw=86309.734 MiB/s  checksum=   905969664  expected=   905969664
    rank 56 : bw=86943.553 MiB/s  checksum=   922746880  expected=   922746880
    rank 57 : bw=87310.883 MiB/s  checksum=   939524096  expected=   939524096
    rank 58 : bw=87799.917 MiB/s  checksum=   956301312  expected=   956301312
    rank 59 : bw=88662.127 MiB/s  checksum=   973078528  expected=   973078528
    rank 60 : bw=88806.971 MiB/s  checksum=   989855744  expected=   989855744
    rank 61 : bw=88865.748 MiB/s  checksum=  1006632960  expected=  1006632960
    rank 62 : bw=90055.593 MiB/s  checksum=  1023410176  expected=  1023410176
    rank 63 : bw=90408.876 MiB/s  checksum=  1040187392  expected=  1040187392
    rank 64 : bw=90651.608 MiB/s  checksum=  1056964608  expected=  1056964608
    rank 65 : bw=90928.452 MiB/s  checksum=  1073741824  expected=  1073741824
    rank 66 : bw=91786.462 MiB/s  checksum=  1090519040  expected=  1090519040
    rank 67 : bw=91877.226 MiB/s  checksum=  1107296256  expected=  1107296256
    rank 68 : bw=92066.801 MiB/s  checksum=  1124073472  expected=  1124073472
    rank 69 : bw=91382.160 MiB/s  checksum=  1140850688  expected=  1140850688
    rank 70 : bw=91137.660 MiB/s  checksum=  1157627904  expected=  1157627904
    rank 71 : bw=90032.319 MiB/s  checksum=  1174405120  expected=  1174405120
    rank 72 : bw=87949.610 MiB/s  checksum=  1191182336  expected=  1191182336
    rank 73 : bw=87759.138 MiB/s  checksum=  1207959552  expected=  1207959552
    rank 74 : bw=87452.537 MiB/s  checksum=  1224736768  expected=  1224736768
    rank 75 : bw=86822.026 MiB/s  checksum=  1241513984  expected=  1241513984
    rank 76 : bw=86089.695 MiB/s  checksum=  1258291200  expected=  1258291200
    rank 77 : bw=85511.208 MiB/s  checksum=  1275068416  expected=  1275068416
    rank 78 : bw=85278.118 MiB/s  checksum=  1291845632  expected=  1291845632
    rank 79 : bw=85237.623 MiB/s  checksum=  1308622848  expected=  1308622848
    rank 80 : bw=84677.912 MiB/s  checksum=  1325400064  expected=  1325400064
    rank 81 : bw=84366.992 MiB/s  checksum=  1342177280  expected=  1342177280
    rank 82 : bw=84196.595 MiB/s  checksum=  1358954496  expected=  1358954496
    rank 83 : bw=84196.685 MiB/s  checksum=  1375731712  expected=  1375731712
    rank 84 : bw=84135.672 MiB/s  checksum=  1392508928  expected=  1392508928
    rank 85 : bw=83999.590 MiB/s  checksum=  1409286144  expected=  1409286144
    rank 86 : bw=83671.841 MiB/s  checksum=  1426063360  expected=  1426063360
    rank 87 : bw=83528.006 MiB/s  checksum=  1442840576  expected=  1442840576
    rank 88 : bw=83381.889 MiB/s  checksum=  1459617792  expected=  1459617792
    rank 89 : bw=83250.152 MiB/s  checksum=  1476395008  expected=  1476395008
    rank 90 : bw=83172.779 MiB/s  checksum=  1493172224  expected=  1493172224
    rank 91 : bw=83036.762 MiB/s  checksum=  1509949440  expected=  1509949440
    rank 92 : bw=83036.616 MiB/s  checksum=  1526726656  expected=  1526726656
    rank 93 : bw=82912.324 MiB/s  checksum=  1543503872  expected=  1543503872
    rank 94 : bw=82901.554 MiB/s  checksum=  1560281088  expected=  1560281088
    rank 95 : bw=82773.651 MiB/s  checksum=  1577058304  expected=  1577058304

==============================
 4) NUMA (LDOM) binding
==============================
Rank 0 running on computenode0
Rank 0 SLURM info: PROCID=0 LOCALID=0 NODEID=0
Rank 0 affinity mask: 0 1 2 3 4 5 6 7 8 9 10 11 12 13 14 15 16 17 18 19 20 21 22 23 96 97 98 99 100 101 102 103 104 105 106 107 108 109 110 111 112 113 114 115 116 117 118 119 
Rank 0 current logical CPU: 117
Rank 1 running on computenode0
Rank 1 SLURM info: PROCID=1 LOCALID=1 NODEID=0
Rank 1 affinity mask: 24 25 26 27 28 29 30 31 32 33 34 35 36 37 38 39 40 41 42 43 44 45 46 47 120 121 122 123 124 125 126 127 128 129 130 131 132 133 134 135 136 137 138 139 140 141 142 143 
Rank 1 current logical CPU: 27
Rank 2 running on computenode0
Rank 2 SLURM info: PROCID=2 LOCALID=2 NODEID=0
Rank 2 affinity mask: 48 49 50 51 52 53 54 55 56 57 58 59 60 61 62 63 64 65 66 67 68 69 70 71 144 145 146 147 148 149 150 151 152 153 154 155 156 157 158 159 160 161 162 163 164 165 166 167 
Rank 2 current logical CPU: 165
Rank 3 running on computenode0
Rank 3 SLURM info: PROCID=3 LOCALID=3 NODEID=0
Rank 3 affinity mask: 72 73 74 75 76 77 78 79 80 81 82 83 84 85 86 87 88 89 90 91 92 93 94 95 168 169 170 171 172 173 174 175 176 177 178 179 180 181 182 183 184 185 186 187 188 189 190 191 
Rank 3 current logical CPU: 90
Rank 4 running on computenode0
Rank 4 SLURM info: PROCID=4 LOCALID=4 NODEID=0
Rank 4 affinity mask: 0 1 2 3 4 5 6 7 8 9 10 11 12 13 14 15 16 17 18 19 20 21 22 23 96 97 98 99 100 101 102 103 104 105 106 107 108 109 110 111 112 113 114 115 116 117 118 119 
Rank 4 current logical CPU: 4
Rank 5 running on computenode0
Rank 5 SLURM info: PROCID=5 LOCALID=5 NODEID=0
Rank 5 affinity mask: 24 25 26 27 28 29 30 31 32 33 34 35 36 37 38 39 40 41 42 43 44 45 46 47 120 121 122 123 124 125 126 127 128 129 130 131 132 133 134 135 136 137 138 139 140 141 142 143 
Rank 5 current logical CPU: 132
Rank 6 running on computenode0
Rank 6 SLURM info: PROCID=6 LOCALID=6 NODEID=0
Rank 6 affinity mask: 48 49 50 51 52 53 54 55 56 57 58 59 60 61 62 63 64 65 66 67 68 69 70 71 144 145 146 147 148 149 150 151 152 153 154 155 156 157 158 159 160 161 162 163 164 165 166 167 
Rank 6 current logical CPU: 162
Rank 7 running on computenode0
Rank 7 SLURM info: PROCID=7 LOCALID=7 NODEID=0
Rank 7 affinity mask: 72 73 74 75 76 77 78 79 80 81 82 83 84 85 86 87 88 89 90 91 92 93 94 95 168 169 170 171 172 173 174 175 176 177 178 179 180 181 182 183 184 185 186 187 188 189 190 191 
Rank 7 current logical CPU: 172
Rank 8 running on computenode0
Rank 8 SLURM info: PROCID=8 LOCALID=8 NODEID=0
Rank 8 affinity mask: 0 1 2 3 4 5 6 7 8 9 10 11 12 13 14 15 16 17 18 19 20 21 22 23 96 97 98 99 100 101 102 103 104 105 106 107 108 109 110 111 112 113 114 115 116 117 118 119 
Rank 8 current logical CPU: 104
Rank 9 running on computenode0
Rank 9 SLURM info: PROCID=9 LOCALID=9 NODEID=0
Rank 9 affinity mask: 24 25 26 27 28 29 30 31 32 33 34 35 36 37 38 39 40 41 42 43 44 45 46 47 120 121 122 123 124 125 126 127 128 129 130 131 132 133 134 135 136 137 138 139 140 141 142 143 
Rank 9 current logical CPU: 139
Rank 10 running on computenode0
Rank 10 SLURM info: PROCID=10 LOCALID=10 NODEID=0
Rank 10 affinity mask: 48 49 50 51 52 53 54 55 56 57 58 59 60 61 62 63 64 65 66 67 68 69 70 71 144 145 146 147 148 149 150 151 152 153 154 155 156 157 158 159 160 161 162 163 164 165 166 167 
Rank 10 current logical CPU: 54
Rank 11 running on computenode0
Rank 11 SLURM info: PROCID=11 LOCALID=11 NODEID=0
Rank 11 affinity mask: 72 73 74 75 76 77 78 79 80 81 82 83 84 85 86 87 88 89 90 91 92 93 94 95 168 169 170 171 172 173 174 175 176 177 178 179 180 181 182 183 184 185 186 187 188 189 190 191 
Rank 11 current logical CPU: 180
Rank 12 running on computenode0
Rank 12 SLURM info: PROCID=12 LOCALID=12 NODEID=0
Rank 12 affinity mask: 0 1 2 3 4 5 6 7 8 9 10 11 12 13 14 15 16 17 18 19 20 21 22 23 96 97 98 99 100 101 102 103 104 105 106 107 108 109 110 111 112 113 114 115 116 117 118 119 
Rank 12 current logical CPU: 3
Rank 13 running on computenode0
Rank 13 SLURM info: PROCID=13 LOCALID=13 NODEID=0
Rank 13 affinity mask: 24 25 26 27 28 29 30 31 32 33 34 35 36 37 38 39 40 41 42 43 44 45 46 47 120 121 122 123 124 125 126 127 128 129 130 131 132 133 134 135 136 137 138 139 140 141 142 143 
Rank 13 current logical CPU: 47
Rank 14 running on computenode0
Rank 14 SLURM info: PROCID=14 LOCALID=14 NODEID=0
Rank 14 affinity mask: 48 49 50 51 52 53 54 55 56 57 58 59 60 61 62 63 64 65 66 67 68 69 70 71 144 145 146 147 148 149 150 151 152 153 154 155 156 157 158 159 160 161 162 163 164 165 166 167 
Rank 14 current logical CPU: 53
Rank 15 running on computenode0
Rank 15 SLURM info: PROCID=15 LOCALID=15 NODEID=0
Rank 15 affinity mask: 72 73 74 75 76 77 78 79 80 81 82 83 84 85 86 87 88 89 90 91 92 93 94 95 168 169 170 171 172 173 174 175 176 177 178 179 180 181 182 183 184 185 186 187 188 189 190 191 
Rank 15 current logical CPU: 80
Rank 16 running on computenode0
Rank 16 SLURM info: PROCID=16 LOCALID=16 NODEID=0
Rank 16 affinity mask: 0 1 2 3 4 5 6 7 8 9 10 11 12 13 14 15 16 17 18 19 20 21 22 23 96 97 98 99 100 101 102 103 104 105 106 107 108 109 110 111 112 113 114 115 116 117 118 119 
Rank 16 current logical CPU: 98
Rank 17 running on computenode0
Rank 17 SLURM info: PROCID=17 LOCALID=17 NODEID=0
Rank 17 affinity mask: 24 25 26 27 28 29 30 31 32 33 34 35 36 37 38 39 40 41 42 43 44 45 46 47 120 121 122 123 124 125 126 127 128 129 130 131 132 133 134 135 136 137 138 139 140 141 142 143 
Rank 17 current logical CPU: 31
Rank 18 running on computenode0
Rank 18 SLURM info: PROCID=18 LOCALID=18 NODEID=0
Rank 18 affinity mask: 48 49 50 51 52 53 54 55 56 57 58 59 60 61 62 63 64 65 66 67 68 69 70 71 144 145 146 147 148 149 150 151 152 153 154 155 156 157 158 159 160 161 162 163 164 165 166 167 
Rank 18 current logical CPU: 52
Rank 19 running on computenode0
Rank 19 SLURM info: PROCID=19 LOCALID=19 NODEID=0
Rank 19 affinity mask: 72 73 74 75 76 77 78 79 80 81 82 83 84 85 86 87 88 89 90 91 92 93 94 95 168 169 170 171 172 173 174 175 176 177 178 179 180 181 182 183 184 185 186 187 188 189 190 191 
Rank 19 current logical CPU: 76
Rank 20 running on computenode0
Rank 20 SLURM info: PROCID=20 LOCALID=20 NODEID=0
Rank 20 affinity mask: 0 1 2 3 4 5 6 7 8 9 10 11 12 13 14 15 16 17 18 19 20 21 22 23 96 97 98 99 100 101 102 103 104 105 106 107 108 109 110 111 112 113 114 115 116 117 118 119 
Rank 20 current logical CPU: 119
Rank 21 running on computenode0
Rank 21 SLURM info: PROCID=21 LOCALID=21 NODEID=0
Rank 21 affinity mask: 24 25 26 27 28 29 30 31 32 33 34 35 36 37 38 39 40 41 42 43 44 45 46 47 120 121 122 123 124 125 126 127 128 129 130 131 132 133 134 135 136 137 138 139 140 141 142 143 
Rank 21 current logical CPU: 129
Rank 22 running on computenode0
Rank 22 SLURM info: PROCID=22 LOCALID=22 NODEID=0
Rank 22 affinity mask: 48 49 50 51 52 53 54 55 56 57 58 59 60 61 62 63 64 65 66 67 68 69 70 71 144 145 146 147 148 149 150 151 152 153 154 155 156 157 158 159 160 161 162 163 164 165 166 167 
Rank 22 current logical CPU: 158
Rank 23 running on computenode0
Rank 23 SLURM info: PROCID=23 LOCALID=23 NODEID=0
Rank 23 affinity mask: 72 73 74 75 76 77 78 79 80 81 82 83 84 85 86 87 88 89 90 91 92 93 94 95 168 169 170 171 172 173 174 175 176 177 178 179 180 181 182 183 184 185 186 187 188 189 190 191 
Rank 23 current logical CPU: 170
Rank 24 running on computenode0
Rank 24 SLURM info: PROCID=24 LOCALID=24 NODEID=0
Rank 24 affinity mask: 0 1 2 3 4 5 6 7 8 9 10 11 12 13 14 15 16 17 18 19 20 21 22 23 96 97 98 99 100 101 102 103 104 105 106 107 108 109 110 111 112 113 114 115 116 117 118 119 
Rank 24 current logical CPU: 13
Rank 25 running on computenode0
Rank 25 SLURM info: PROCID=25 LOCALID=25 NODEID=0
Rank 25 affinity mask: 24 25 26 27 28 29 30 31 32 33 34 35 36 37 38 39 40 41 42 43 44 45 46 47 120 121 122 123 124 125 126 127 128 129 130 131 132 133 134 135 136 137 138 139 140 141 142 143 
Rank 25 current logical CPU: 128
Rank 26 running on computenode0
Rank 26 SLURM info: PROCID=26 LOCALID=26 NODEID=0
Rank 26 affinity mask: 48 49 50 51 52 53 54 55 56 57 58 59 60 61 62 63 64 65 66 67 68 69 70 71 144 145 146 147 148 149 150 151 152 153 154 155 156 157 158 159 160 161 162 163 164 165 166 167 
Rank 26 current logical CPU: 55
Rank 27 running on computenode0
Rank 27 SLURM info: PROCID=27 LOCALID=27 NODEID=0
Rank 27 affinity mask: 72 73 74 75 76 77 78 79 80 81 82 83 84 85 86 87 88 89 90 91 92 93 94 95 168 169 170 171 172 173 174 175 176 177 178 179 180 181 182 183 184 185 186 187 188 189 190 191 
Rank 27 current logical CPU: 187
Rank 28 running on computenode0
Rank 28 SLURM info: PROCID=28 LOCALID=28 NODEID=0
Rank 28 affinity mask: 0 1 2 3 4 5 6 7 8 9 10 11 12 13 14 15 16 17 18 19 20 21 22 23 96 97 98 99 100 101 102 103 104 105 106 107 108 109 110 111 112 113 114 115 116 117 118 119 
Rank 28 current logical CPU: 16
Rank 29 running on computenode0
Rank 29 SLURM info: PROCID=29 LOCALID=29 NODEID=0
Rank 29 affinity mask: 24 25 26 27 28 29 30 31 32 33 34 35 36 37 38 39 40 41 42 43 44 45 46 47 120 121 122 123 124 125 126 127 128 129 130 131 132 133 134 135 136 137 138 139 140 141 142 143 
Rank 29 current logical CPU: 44
Rank 30 running on computenode0
Rank 30 SLURM info: PROCID=30 LOCALID=30 NODEID=0
Rank 30 affinity mask: 48 49 50 51 52 53 54 55 56 57 58 59 60 61 62 63 64 65 66 67 68 69 70 71 144 145 146 147 148 149 150 151 152 153 154 155 156 157 158 159 160 161 162 163 164 165 166 167 
Rank 30 current logical CPU: 68
Rank 31 running on computenode0
Rank 31 SLURM info: PROCID=31 LOCALID=31 NODEID=0
Rank 31 affinity mask: 72 73 74 75 76 77 78 79 80 81 82 83 84 85 86 87 88 89 90 91 92 93 94 95 168 169 170 171 172 173 174 175 176 177 178 179 180 181 182 183 184 185 186 187 188 189 190 191 
Rank 31 current logical CPU: 89
Rank 32 running on computenode0
Rank 32 SLURM info: PROCID=32 LOCALID=32 NODEID=0
Rank 32 affinity mask: 0 1 2 3 4 5 6 7 8 9 10 11 12 13 14 15 16 17 18 19 20 21 22 23 96 97 98 99 100 101 102 103 104 105 106 107 108 109 110 111 112 113 114 115 116 117 118 119 
Rank 32 current logical CPU: 18
Rank 33 running on computenode0
Rank 33 SLURM info: PROCID=33 LOCALID=33 NODEID=0
Rank 33 affinity mask: 24 25 26 27 28 29 30 31 32 33 34 35 36 37 38 39 40 41 42 43 44 45 46 47 120 121 122 123 124 125 126 127 128 129 130 131 132 133 134 135 136 137 138 139 140 141 142 143 
Rank 33 current logical CPU: 138
Rank 34 running on computenode0
Rank 34 SLURM info: PROCID=34 LOCALID=34 NODEID=0
Rank 34 affinity mask: 48 49 50 51 52 53 54 55 56 57 58 59 60 61 62 63 64 65 66 67 68 69 70 71 144 145 146 147 148 149 150 151 152 153 154 155 156 157 158 159 160 161 162 163 164 165 166 167 
Rank 34 current logical CPU: 57
Rank 35 running on computenode0
Rank 35 SLURM info: PROCID=35 LOCALID=35 NODEID=0
Rank 35 affinity mask: 72 73 74 75 76 77 78 79 80 81 82 83 84 85 86 87 88 89 90 91 92 93 94 95 168 169 170 171 172 173 174 175 176 177 178 179 180 181 182 183 184 185 186 187 188 189 190 191 
Rank 35 current logical CPU: 181
Rank 36 running on computenode0
Rank 36 SLURM info: PROCID=36 LOCALID=36 NODEID=0
Rank 36 affinity mask: 0 1 2 3 4 5 6 7 8 9 10 11 12 13 14 15 16 17 18 19 20 21 22 23 96 97 98 99 100 101 102 103 104 105 106 107 108 109 110 111 112 113 114 115 116 117 118 119 
Rank 36 current logical CPU: 101
Rank 37 running on computenode0
Rank 37 SLURM info: PROCID=37 LOCALID=37 NODEID=0
Rank 37 affinity mask: 24 25 26 27 28 29 30 31 32 33 34 35 36 37 38 39 40 41 42 43 44 45 46 47 120 121 122 123 124 125 126 127 128 129 130 131 132 133 134 135 136 137 138 139 140 141 142 143 
Rank 37 current logical CPU: 30
Rank 38 running on computenode0
Rank 38 SLURM info: PROCID=38 LOCALID=38 NODEID=0
Rank 38 affinity mask: 48 49 50 51 52 53 54 55 56 57 58 59 60 61 62 63 64 65 66 67 68 69 70 71 144 145 146 147 148 149 150 151 152 153 154 155 156 157 158 159 160 161 162 163 164 165 166 167 
Rank 38 current logical CPU: 147
Rank 39 running on computenode0
Rank 39 SLURM info: PROCID=39 LOCALID=39 NODEID=0
Rank 39 affinity mask: 72 73 74 75 76 77 78 79 80 81 82 83 84 85 86 87 88 89 90 91 92 93 94 95 168 169 170 171 172 173 174 175 176 177 178 179 180 181 182 183 184 185 186 187 188 189 190 191 
Rank 39 current logical CPU: 78
Rank 40 running on computenode0
Rank 40 SLURM info: PROCID=40 LOCALID=40 NODEID=0
Rank 40 affinity mask: 0 1 2 3 4 5 6 7 8 9 10 11 12 13 14 15 16 17 18 19 20 21 22 23 96 97 98 99 100 101 102 103 104 105 106 107 108 109 110 111 112 113 114 115 116 117 118 119 
Rank 40 current logical CPU: 107
Rank 41 running on computenode0
Rank 41 SLURM info: PROCID=41 LOCALID=41 NODEID=0
Rank 41 affinity mask: 24 25 26 27 28 29 30 31 32 33 34 35 36 37 38 39 40 41 42 43 44 45 46 47 120 121 122 123 124 125 126 127 128 129 130 131 132 133 134 135 136 137 138 139 140 141 142 143 
Rank 41 current logical CPU: 130
Rank 42 running on computenode0
Rank 42 SLURM info: PROCID=42 LOCALID=42 NODEID=0
Rank 42 affinity mask: 48 49 50 51 52 53 54 55 56 57 58 59 60 61 62 63 64 65 66 67 68 69 70 71 144 145 146 147 148 149 150 151 152 153 154 155 156 157 158 159 160 161 162 163 164 165 166 167 
Rank 42 current logical CPU: 71
Rank 43 running on computenode0
Rank 43 SLURM info: PROCID=43 LOCALID=43 NODEID=0
Rank 43 affinity mask: 72 73 74 75 76 77 78 79 80 81 82 83 84 85 86 87 88 89 90 91 92 93 94 95 168 169 170 171 172 173 174 175 176 177 178 179 180 181 182 183 184 185 186 187 188 189 190 191 
Rank 43 current logical CPU: 182
Rank 44 running on computenode0
Rank 44 SLURM info: PROCID=44 LOCALID=44 NODEID=0
Rank 44 affinity mask: 0 1 2 3 4 5 6 7 8 9 10 11 12 13 14 15 16 17 18 19 20 21 22 23 96 97 98 99 100 101 102 103 104 105 106 107 108 109 110 111 112 113 114 115 116 117 118 119 
Rank 44 current logical CPU: 99
Rank 45 running on computenode0
Rank 45 SLURM info: PROCID=45 LOCALID=45 NODEID=0
Rank 45 affinity mask: 24 25 26 27 28 29 30 31 32 33 34 35 36 37 38 39 40 41 42 43 44 45 46 47 120 121 122 123 124 125 126 127 128 129 130 131 132 133 134 135 136 137 138 139 140 141 142 143 
Rank 45 current logical CPU: 24
Rank 46 running on computenode0
Rank 46 SLURM info: PROCID=46 LOCALID=46 NODEID=0
Rank 46 affinity mask: 48 49 50 51 52 53 54 55 56 57 58 59 60 61 62 63 64 65 66 67 68 69 70 71 144 145 146 147 148 149 150 151 152 153 154 155 156 157 158 159 160 161 162 163 164 165 166 167 
Rank 46 current logical CPU: 145
Rank 47 running on computenode0
Rank 47 SLURM info: PROCID=47 LOCALID=47 NODEID=0
Rank 47 affinity mask: 72 73 74 75 76 77 78 79 80 81 82 83 84 85 86 87 88 89 90 91 92 93 94 95 168 169 170 171 172 173 174 175 176 177 178 179 180 181 182 183 184 185 186 187 188 189 190 191 
Rank 47 current logical CPU: 173
Rank 48 running on computenode0
Rank 48 SLURM info: PROCID=48 LOCALID=48 NODEID=0
Rank 48 affinity mask: 0 1 2 3 4 5 6 7 8 9 10 11 12 13 14 15 16 17 18 19 20 21 22 23 96 97 98 99 100 101 102 103 104 105 106 107 108 109 110 111 112 113 114 115 116 117 118 119 
Rank 48 current logical CPU: 113
Rank 49 running on computenode0
Rank 49 SLURM info: PROCID=49 LOCALID=49 NODEID=0
Rank 49 affinity mask: 24 25 26 27 28 29 30 31 32 33 34 35 36 37 38 39 40 41 42 43 44 45 46 47 120 121 122 123 124 125 126 127 128 129 130 131 132 133 134 135 136 137 138 139 140 141 142 143 
Rank 49 current logical CPU: 124
Rank 50 running on computenode0
Rank 50 SLURM info: PROCID=50 LOCALID=50 NODEID=0
Rank 50 affinity mask: 48 49 50 51 52 53 54 55 56 57 58 59 60 61 62 63 64 65 66 67 68 69 70 71 144 145 146 147 148 149 150 151 152 153 154 155 156 157 158 159 160 161 162 163 164 165 166 167 
Rank 50 current logical CPU: 150
Rank 51 running on computenode0
Rank 51 SLURM info: PROCID=51 LOCALID=51 NODEID=0
Rank 51 affinity mask: 72 73 74 75 76 77 78 79 80 81 82 83 84 85 86 87 88 89 90 91 92 93 94 95 168 169 170 171 172 173 174 175 176 177 178 179 180 181 182 183 184 185 186 187 188 189 190 191 
Rank 51 current logical CPU: 188
Rank 52 running on computenode0
Rank 52 SLURM info: PROCID=52 LOCALID=52 NODEID=0
Rank 52 affinity mask: 0 1 2 3 4 5 6 7 8 9 10 11 12 13 14 15 16 17 18 19 20 21 22 23 96 97 98 99 100 101 102 103 104 105 106 107 108 109 110 111 112 113 114 115 116 117 118 119 
Rank 52 current logical CPU: 0
Rank 53 running on computenode0
Rank 53 SLURM info: PROCID=53 LOCALID=53 NODEID=0
Rank 53 affinity mask: 24 25 26 27 28 29 30 31 32 33 34 35 36 37 38 39 40 41 42 43 44 45 46 47 120 121 122 123 124 125 126 127 128 129 130 131 132 133 134 135 136 137 138 139 140 141 142 143 
Rank 53 current logical CPU: 137
Rank 54 running on computenode0
Rank 54 SLURM info: PROCID=54 LOCALID=54 NODEID=0
Rank 54 affinity mask: 48 49 50 51 52 53 54 55 56 57 58 59 60 61 62 63 64 65 66 67 68 69 70 71 144 145 146 147 148 149 150 151 152 153 154 155 156 157 158 159 160 161 162 163 164 165 166 167 
Rank 54 current logical CPU: 65
Rank 55 running on computenode0
Rank 55 SLURM info: PROCID=55 LOCALID=55 NODEID=0
Rank 55 affinity mask: 72 73 74 75 76 77 78 79 80 81 82 83 84 85 86 87 88 89 90 91 92 93 94 95 168 169 170 171 172 173 174 175 176 177 178 179 180 181 182 183 184 185 186 187 188 189 190 191 
Rank 55 current logical CPU: 87
Rank 56 running on computenode0
Rank 56 SLURM info: PROCID=56 LOCALID=56 NODEID=0
Rank 56 affinity mask: 0 1 2 3 4 5 6 7 8 9 10 11 12 13 14 15 16 17 18 19 20 21 22 23 96 97 98 99 100 101 102 103 104 105 106 107 108 109 110 111 112 113 114 115 116 117 118 119 
Rank 56 current logical CPU: 108
Rank 57 running on computenode0
Rank 57 SLURM info: PROCID=57 LOCALID=57 NODEID=0
Rank 57 affinity mask: 24 25 26 27 28 29 30 31 32 33 34 35 36 37 38 39 40 41 42 43 44 45 46 47 120 121 122 123 124 125 126 127 128 129 130 131 132 133 134 135 136 137 138 139 140 141 142 143 
Rank 57 current logical CPU: 40
Rank 58 running on computenode0
Rank 58 SLURM info: PROCID=58 LOCALID=58 NODEID=0
Rank 58 affinity mask: 48 49 50 51 52 53 54 55 56 57 58 59 60 61 62 63 64 65 66 67 68 69 70 71 144 145 146 147 148 149 150 151 152 153 154 155 156 157 158 159 160 161 162 163 164 165 166 167 
Rank 58 current logical CPU: 166
Rank 59 running on computenode0
Rank 59 SLURM info: PROCID=59 LOCALID=59 NODEID=0
Rank 59 affinity mask: 72 73 74 75 76 77 78 79 80 81 82 83 84 85 86 87 88 89 90 91 92 93 94 95 168 169 170 171 172 173 174 175 176 177 178 179 180 181 182 183 184 185 186 187 188 189 190 191 
Rank 59 current logical CPU: 83
Rank 60 running on computenode0
Rank 60 SLURM info: PROCID=60 LOCALID=60 NODEID=0
Rank 60 affinity mask: 0 1 2 3 4 5 6 7 8 9 10 11 12 13 14 15 16 17 18 19 20 21 22 23 96 97 98 99 100 101 102 103 104 105 106 107 108 109 110 111 112 113 114 115 116 117 118 119 
Rank 60 current logical CPU: 19
Rank 61 running on computenode0
Rank 61 SLURM info: PROCID=61 LOCALID=61 NODEID=0
Rank 61 affinity mask: 24 25 26 27 28 29 30 31 32 33 34 35 36 37 38 39 40 41 42 43 44 45 46 47 120 121 122 123 124 125 126 127 128 129 130 131 132 133 134 135 136 137 138 139 140 141 142 143 
Rank 61 current logical CPU: 125
Rank 62 running on computenode0
Rank 62 SLURM info: PROCID=62 LOCALID=62 NODEID=0
Rank 62 affinity mask: 48 49 50 51 52 53 54 55 56 57 58 59 60 61 62 63 64 65 66 67 68 69 70 71 144 145 146 147 148 149 150 151 152 153 154 155 156 157 158 159 160 161 162 163 164 165 166 167 
Rank 62 current logical CPU: 48
Rank 63 running on computenode0
Rank 63 SLURM info: PROCID=63 LOCALID=63 NODEID=0
Rank 63 affinity mask: 72 73 74 75 76 77 78 79 80 81 82 83 84 85 86 87 88 89 90 91 92 93 94 95 168 169 170 171 172 173 174 175 176 177 178 179 180 181 182 183 184 185 186 187 188 189 190 191 
Rank 63 current logical CPU: 73
Rank 64 running on computenode0
Rank 64 SLURM info: PROCID=64 LOCALID=64 NODEID=0
Rank 64 affinity mask: 0 1 2 3 4 5 6 7 8 9 10 11 12 13 14 15 16 17 18 19 20 21 22 23 96 97 98 99 100 101 102 103 104 105 106 107 108 109 110 111 112 113 114 115 116 117 118 119 
Rank 64 current logical CPU: 116
Rank 65 running on computenode0
Rank 65 SLURM info: PROCID=65 LOCALID=65 NODEID=0
Rank 65 affinity mask: 24 25 26 27 28 29 30 31 32 33 34 35 36 37 38 39 40 41 42 43 44 45 46 47 120 121 122 123 124 125 126 127 128 129 130 131 132 133 134 135 136 137 138 139 140 141 142 143 
Rank 65 current logical CPU: 45
Rank 66 running on computenode0
Rank 66 SLURM info: PROCID=66 LOCALID=66 NODEID=0
Rank 66 affinity mask: 48 49 50 51 52 53 54 55 56 57 58 59 60 61 62 63 64 65 66 67 68 69 70 71 144 145 146 147 148 149 150 151 152 153 154 155 156 157 158 159 160 161 162 163 164 165 166 167 
Rank 66 current logical CPU: 163
Rank 67 running on computenode0
Rank 67 SLURM info: PROCID=67 LOCALID=67 NODEID=0
Rank 67 affinity mask: 72 73 74 75 76 77 78 79 80 81 82 83 84 85 86 87 88 89 90 91 92 93 94 95 168 169 170 171 172 173 174 175 176 177 178 179 180 181 182 183 184 185 186 187 188 189 190 191 
Rank 67 current logical CPU: 189
Rank 68 running on computenode0
Rank 68 SLURM info: PROCID=68 LOCALID=68 NODEID=0
Rank 68 affinity mask: 0 1 2 3 4 5 6 7 8 9 10 11 12 13 14 15 16 17 18 19 20 21 22 23 96 97 98 99 100 101 102 103 104 105 106 107 108 109 110 111 112 113 114 115 116 117 118 119 
Rank 68 current logical CPU: 6
Rank 69 running on computenode0
Rank 69 SLURM info: PROCID=69 LOCALID=69 NODEID=0
Rank 69 affinity mask: 24 25 26 27 28 29 30 31 32 33 34 35 36 37 38 39 40 41 42 43 44 45 46 47 120 121 122 123 124 125 126 127 128 129 130 131 132 133 134 135 136 137 138 139 140 141 142 143 
Rank 69 current logical CPU: 28
Rank 70 running on computenode0
Rank 70 SLURM info: PROCID=70 LOCALID=70 NODEID=0
Rank 70 affinity mask: 48 49 50 51 52 53 54 55 56 57 58 59 60 61 62 63 64 65 66 67 68 69 70 71 144 145 146 147 148 149 150 151 152 153 154 155 156 157 158 159 160 161 162 163 164 165 166 167 
Rank 70 current logical CPU: 58
Rank 71 running on computenode0
Rank 71 SLURM info: PROCID=71 LOCALID=71 NODEID=0
Rank 71 affinity mask: 72 73 74 75 76 77 78 79 80 81 82 83 84 85 86 87 88 89 90 91 92 93 94 95 168 169 170 171 172 173 174 175 176 177 178 179 180 181 182 183 184 185 186 187 188 189 190 191 
Rank 71 current logical CPU: 191
Rank 72 running on computenode0
Rank 72 SLURM info: PROCID=72 LOCALID=72 NODEID=0
Rank 72 affinity mask: 0 1 2 3 4 5 6 7 8 9 10 11 12 13 14 15 16 17 18 19 20 21 22 23 96 97 98 99 100 101 102 103 104 105 106 107 108 109 110 111 112 113 114 115 116 117 118 119 
Rank 72 current logical CPU: 105
Rank 73 running on computenode0
Rank 73 SLURM info: PROCID=73 LOCALID=73 NODEID=0
Rank 73 affinity mask: 24 25 26 27 28 29 30 31 32 33 34 35 36 37 38 39 40 41 42 43 44 45 46 47 120 121 122 123 124 125 126 127 128 129 130 131 132 133 134 135 136 137 138 139 140 141 142 143 
Rank 73 current logical CPU: 39
Rank 74 running on computenode0
Rank 74 SLURM info: PROCID=74 LOCALID=74 NODEID=0
Rank 74 affinity mask: 48 49 50 51 52 53 54 55 56 57 58 59 60 61 62 63 64 65 66 67 68 69 70 71 144 145 146 147 148 149 150 151 152 153 154 155 156 157 158 159 160 161 162 163 164 165 166 167 
Rank 74 current logical CPU: 152
Rank 75 running on computenode0
Rank 75 SLURM info: PROCID=75 LOCALID=75 NODEID=0
Rank 75 affinity mask: 72 73 74 75 76 77 78 79 80 81 82 83 84 85 86 87 88 89 90 91 92 93 94 95 168 169 170 171 172 173 174 175 176 177 178 179 180 181 182 183 184 185 186 187 188 189 190 191 
Rank 75 current logical CPU: 177
Rank 76 running on computenode0
Rank 76 SLURM info: PROCID=76 LOCALID=76 NODEID=0
Rank 76 affinity mask: 0 1 2 3 4 5 6 7 8 9 10 11 12 13 14 15 16 17 18 19 20 21 22 23 96 97 98 99 100 101 102 103 104 105 106 107 108 109 110 111 112 113 114 115 116 117 118 119 
Rank 76 current logical CPU: 10
Rank 77 running on computenode0
Rank 77 SLURM info: PROCID=77 LOCALID=77 NODEID=0
Rank 77 affinity mask: 24 25 26 27 28 29 30 31 32 33 34 35 36 37 38 39 40 41 42 43 44 45 46 47 120 121 122 123 124 125 126 127 128 129 130 131 132 133 134 135 136 137 138 139 140 141 142 143 
Rank 77 current logical CPU: 133
Rank 78 running on computenode0
Rank 78 SLURM info: PROCID=78 LOCALID=78 NODEID=0
Rank 78 affinity mask: 48 49 50 51 52 53 54 55 56 57 58 59 60 61 62 63 64 65 66 67 68 69 70 71 144 145 146 147 148 149 150 151 152 153 154 155 156 157 158 159 160 161 162 163 164 165 166 167 
Rank 78 current logical CPU: 64
Rank 79 running on computenode0
Rank 79 SLURM info: PROCID=79 LOCALID=79 NODEID=0
Rank 79 affinity mask: 72 73 74 75 76 77 78 79 80 81 82 83 84 85 86 87 88 89 90 91 92 93 94 95 168 169 170 171 172 173 174 175 176 177 178 179 180 181 182 183 184 185 186 187 188 189 190 191 
Rank 79 current logical CPU: 94
Rank 80 running on computenode0
Rank 80 SLURM info: PROCID=80 LOCALID=80 NODEID=0
Rank 80 affinity mask: 0 1 2 3 4 5 6 7 8 9 10 11 12 13 14 15 16 17 18 19 20 21 22 23 96 97 98 99 100 101 102 103 104 105 106 107 108 109 110 111 112 113 114 115 116 117 118 119 
Rank 80 current logical CPU: 97
Rank 81 running on computenode0
Rank 81 SLURM info: PROCID=81 LOCALID=81 NODEID=0
Rank 81 affinity mask: 24 25 26 27 28 29 30 31 32 33 34 35 36 37 38 39 40 41 42 43 44 45 46 47 120 121 122 123 124 125 126 127 128 129 130 131 132 133 134 135 136 137 138 139 140 141 142 143 
Rank 81 current logical CPU: 38
Rank 82 running on computenode0
Rank 82 SLURM info: PROCID=82 LOCALID=82 NODEID=0
Rank 82 affinity mask: 48 49 50 51 52 53 54 55 56 57 58 59 60 61 62 63 64 65 66 67 68 69 70 71 144 145 146 147 148 149 150 151 152 153 154 155 156 157 158 159 160 161 162 163 164 165 166 167 
Rank 82 current logical CPU: 159
Rank 83 running on computenode0
Rank 83 SLURM info: PROCID=83 LOCALID=83 NODEID=0
Rank 83 affinity mask: 72 73 74 75 76 77 78 79 80 81 82 83 84 85 86 87 88 89 90 91 92 93 94 95 168 169 170 171 172 173 174 175 176 177 178 179 180 181 182 183 184 185 186 187 188 189 190 191 
Rank 83 current logical CPU: 79
Rank 84 running on computenode0
Rank 84 SLURM info: PROCID=84 LOCALID=84 NODEID=0
Rank 84 affinity mask: 0 1 2 3 4 5 6 7 8 9 10 11 12 13 14 15 16 17 18 19 20 21 22 23 96 97 98 99 100 101 102 103 104 105 106 107 108 109 110 111 112 113 114 115 116 117 118 119 
Rank 84 current logical CPU: 103
Rank 85 running on computenode0
Rank 85 SLURM info: PROCID=85 LOCALID=85 NODEID=0
Rank 85 affinity mask: 24 25 26 27 28 29 30 31 32 33 34 35 36 37 38 39 40 41 42 43 44 45 46 47 120 121 122 123 124 125 126 127 128 129 130 131 132 133 134 135 136 137 138 139 140 141 142 143 
Rank 85 current logical CPU: 122
Rank 86 running on computenode0
Rank 86 SLURM info: PROCID=86 LOCALID=86 NODEID=0
Rank 86 affinity mask: 48 49 50 51 52 53 54 55 56 57 58 59 60 61 62 63 64 65 66 67 68 69 70 71 144 145 146 147 148 149 150 151 152 153 154 155 156 157 158 159 160 161 162 163 164 165 166 167 
Rank 86 current logical CPU: 167
Rank 87 running on computenode0
Rank 87 SLURM info: PROCID=87 LOCALID=87 NODEID=0
Rank 87 affinity mask: 72 73 74 75 76 77 78 79 80 81 82 83 84 85 86 87 88 89 90 91 92 93 94 95 168 169 170 171 172 173 174 175 176 177 178 179 180 181 182 183 184 185 186 187 188 189 190 191 
Rank 87 current logical CPU: 72
Rank 88 running on computenode0
Rank 88 SLURM info: PROCID=88 LOCALID=88 NODEID=0
Rank 88 affinity mask: 0 1 2 3 4 5 6 7 8 9 10 11 12 13 14 15 16 17 18 19 20 21 22 23 96 97 98 99 100 101 102 103 104 105 106 107 108 109 110 111 112 113 114 115 116 117 118 119 
Rank 88 current logical CPU: 118
Rank 89 running on computenode0
Rank 89 SLURM info: PROCID=89 LOCALID=89 NODEID=0
Rank 89 affinity mask: 24 25 26 27 28 29 30 31 32 33 34 35 36 37 38 39 40 41 42 43 44 45 46 47 120 121 122 123 124 125 126 127 128 129 130 131 132 133 134 135 136 137 138 139 140 141 142 143 
Rank 89 current logical CPU: 121
Rank 90 running on computenode0
Rank 90 SLURM info: PROCID=90 LOCALID=90 NODEID=0
Rank 90 affinity mask: 48 49 50 51 52 53 54 55 56 57 58 59 60 61 62 63 64 65 66 67 68 69 70 71 144 145 146 147 148 149 150 151 152 153 154 155 156 157 158 159 160 161 162 163 164 165 166 167 
Rank 90 current logical CPU: 156
Rank 91 running on computenode0
Rank 91 SLURM info: PROCID=91 LOCALID=91 NODEID=0
Rank 91 affinity mask: 72 73 74 75 76 77 78 79 80 81 82 83 84 85 86 87 88 89 90 91 92 93 94 95 168 169 170 171 172 173 174 175 176 177 178 179 180 181 182 183 184 185 186 187 188 189 190 191 
Rank 91 current logical CPU: 75
Rank 92 running on computenode0
Rank 92 SLURM info: PROCID=92 LOCALID=92 NODEID=0
Rank 92 affinity mask: 0 1 2 3 4 5 6 7 8 9 10 11 12 13 14 15 16 17 18 19 20 21 22 23 96 97 98 99 100 101 102 103 104 105 106 107 108 109 110 111 112 113 114 115 116 117 118 119 
Rank 92 current logical CPU: 110
Rank 93 running on computenode0
Rank 93 SLURM info: PROCID=93 LOCALID=93 NODEID=0
Rank 93 affinity mask: 24 25 26 27 28 29 30 31 32 33 34 35 36 37 38 39 40 41 42 43 44 45 46 47 120 121 122 123 124 125 126 127 128 129 130 131 132 133 134 135 136 137 138 139 140 141 142 143 
Rank 93 current logical CPU: 142
Rank 94 running on computenode0
Rank 94 SLURM info: PROCID=94 LOCALID=94 NODEID=0
Rank 94 affinity mask: 48 49 50 51 52 53 54 55 56 57 58 59 60 61 62 63 64 65 66 67 68 69 70 71 144 145 146 147 148 149 150 151 152 153 154 155 156 157 158 159 160 161 162 163 164 165 166 167 
Rank 94 current logical CPU: 146
Rank 95 running on computenode0
Rank 95 SLURM info: PROCID=95 LOCALID=95 NODEID=0
Rank 95 affinity mask: 72 73 74 75 76 77 78 79 80 81 82 83 84 85 86 87 88 89 90 91 92 93 94 95 168 169 170 171 172 173 174 175 176 177 178 179 180 181 182 183 184 185 186 187 188 189 190 191 
Rank 95 current logical CPU: 184

# MPI Ring Benchmark
#
# Configuration
#   MPI ranks        : 96
#   Max message size : 16777216 bytes
#   Warmup iterations: 20
#   Small iterations : 1000
#   Large iterations : 100
#   MPI_Wtick        : 1.000000000e-09 seconds
#
# Metrics
#   Exchange         : full ring exchange time
#   AggregateRingBW  : aggregate bandwidth across the ring
#
# Size(Bytes)	Exchange(us)	AggregateRingBW(MiB/s)
       1 bytes      2.00 us     45.73 MiB/s
       2 bytes      1.76 us    104.12 MiB/s
       4 bytes      1.82 us    201.66 MiB/s
       8 bytes      1.74 us    421.59 MiB/s
      16 bytes      1.83 us    802.54 MiB/s
      32 bytes      1.78 us   1642.84 MiB/s
      64 bytes      2.21 us   2646.54 MiB/s
     128 bytes      2.57 us   4559.97 MiB/s
     256 bytes      3.08 us   7614.86 MiB/s
     512 bytes      2.91 us  16080.67 MiB/s
    1024 bytes      8.30 us  11297.13 MiB/s
    2048 bytes      8.30 us  22583.24 MiB/s
    4096 bytes      9.52 us  39386.87 MiB/s
    8192 bytes      9.21 us  81429.99 MiB/s
   16384 bytes     10.63 us  141111.66 MiB/s
   32768 bytes     12.46 us  240710.77 MiB/s
   65536 bytes     18.47 us  324771.46 MiB/s
  131072 bytes     28.17 us  426031.97 MiB/s
  262144 bytes     51.93 us  462160.87 MiB/s
  524288 bytes    102.22 us  469581.72 MiB/s
 1048576 bytes    191.39 us  501599.45 MiB/s
 2097152 bytes    927.16 us  207084.77 MiB/s
 4194304 bytes   3206.98 us  119738.94 MiB/s
 8388608 bytes   8819.01 us  87084.62 MiB/s
16777216 bytes  18442.12 us  83287.61 MiB/s
  Verification data:
    rank 0 : bw=83287.611 MiB/s  checksum=  1593835520  expected=  1593835520
    rank 1 : bw=83428.338 MiB/s  checksum=           0  expected=           0
    rank 2 : bw=83574.276 MiB/s  checksum=    16777216  expected=    16777216
    rank 3 : bw=83702.742 MiB/s  checksum=    33554432  expected=    33554432
    rank 4 : bw=83880.789 MiB/s  checksum=    50331648  expected=    50331648
    rank 5 : bw=84115.990 MiB/s  checksum=    67108864  expected=    67108864
    rank 6 : bw=84213.444 MiB/s  checksum=    83886080  expected=    83886080
    rank 7 : bw=84427.030 MiB/s  checksum=   100663296  expected=   100663296
    rank 8 : bw=84582.040 MiB/s  checksum=   117440512  expected=   117440512
    rank 9 : bw=84848.486 MiB/s  checksum=   134217728  expected=   134217728
    rank 10 : bw=84684.175 MiB/s  checksum=   150994944  expected=   150994944
    rank 11 : bw=84434.576 MiB/s  checksum=   167772160  expected=   167772160
    rank 12 : bw=84297.611 MiB/s  checksum=   184549376  expected=   184549376
    rank 13 : bw=84297.771 MiB/s  checksum=   201326592  expected=   201326592
    rank 14 : bw=84423.652 MiB/s  checksum=   218103808  expected=   218103808
    rank 15 : bw=84684.661 MiB/s  checksum=   234881024  expected=   234881024
    rank 16 : bw=84911.838 MiB/s  checksum=   251658240  expected=   251658240
    rank 17 : bw=84633.741 MiB/s  checksum=   268435456  expected=   268435456
    rank 18 : bw=84473.262 MiB/s  checksum=   285212672  expected=   285212672
    rank 19 : bw=84247.345 MiB/s  checksum=   301989888  expected=   301989888
    rank 20 : bw=84247.105 MiB/s  checksum=   318767104  expected=   318767104
    rank 21 : bw=84218.950 MiB/s  checksum=   335544320  expected=   335544320
    rank 22 : bw=83933.666 MiB/s  checksum=   352321536  expected=   352321536
    rank 23 : bw=83660.195 MiB/s  checksum=   369098752  expected=   369098752
    rank 24 : bw=83448.722 MiB/s  checksum=   385875968  expected=   385875968
    rank 25 : bw=83302.724 MiB/s  checksum=   402653184  expected=   402653184
    rank 26 : bw=83186.121 MiB/s  checksum=   419430400  expected=   419430400
    rank 27 : bw=83186.063 MiB/s  checksum=   436207616  expected=   436207616
    rank 28 : bw=83309.365 MiB/s  checksum=   452984832  expected=   452984832
    rank 29 : bw=83472.622 MiB/s  checksum=   469762048  expected=   469762048
    rank 30 : bw=83411.575 MiB/s  checksum=   486539264  expected=   486539264
    rank 31 : bw=83411.576 MiB/s  checksum=   503316480  expected=   503316480
    rank 32 : bw=83566.717 MiB/s  checksum=   520093696  expected=   520093696
    rank 33 : bw=83591.531 MiB/s  checksum=   536870912  expected=   536870912
    rank 34 : bw=83591.642 MiB/s  checksum=   553648128  expected=   553648128
    rank 35 : bw=83806.572 MiB/s  checksum=   570425344  expected=   570425344
    rank 36 : bw=84038.148 MiB/s  checksum=   587202560  expected=   587202560
    rank 37 : bw=84350.821 MiB/s  checksum=   603979776  expected=   603979776
    rank 38 : bw=84554.666 MiB/s  checksum=   620756992  expected=   620756992
    rank 39 : bw=84708.985 MiB/s  checksum=   637534208  expected=   637534208
    rank 40 : bw=85378.454 MiB/s  checksum=   654311424  expected=   654311424
    rank 41 : bw=85624.548 MiB/s  checksum=   671088640  expected=   671088640
    rank 42 : bw=85624.679 MiB/s  checksum=   687865856  expected=   687865856
    rank 43 : bw=85639.243 MiB/s  checksum=   704643072  expected=   704643072
    rank 44 : bw=86243.695 MiB/s  checksum=   721420288  expected=   721420288
    rank 45 : bw=86282.671 MiB/s  checksum=   738197504  expected=   738197504
    rank 46 : bw=86430.475 MiB/s  checksum=   754974720  expected=   754974720
    rank 47 : bw=86745.465 MiB/s  checksum=   771751936  expected=   771751936
    rank 48 : bw=87077.034 MiB/s  checksum=   788529152  expected=   788529152
    rank 49 : bw=87285.522 MiB/s  checksum=   805306368  expected=   805306368
    rank 50 : bw=87285.675 MiB/s  checksum=   822083584  expected=   822083584
    rank 51 : bw=87553.913 MiB/s  checksum=   838860800  expected=   838860800
    rank 52 : bw=88529.786 MiB/s  checksum=   855638016  expected=   855638016
    rank 53 : bw=88630.472 MiB/s  checksum=   872415232  expected=   872415232
    rank 54 : bw=89272.709 MiB/s  checksum=   889192448  expected=   889192448
    rank 55 : bw=89913.711 MiB/s  checksum=   905969664  expected=   905969664
    rank 56 : bw=90454.440 MiB/s  checksum=   922746880  expected=   922746880
    rank 57 : bw=90987.478 MiB/s  checksum=   939524096  expected=   939524096
    rank 58 : bw=91619.641 MiB/s  checksum=   956301312  expected=   956301312
    rank 59 : bw=91613.764 MiB/s  checksum=   973078528  expected=   973078528
    rank 60 : bw=91276.325 MiB/s  checksum=   989855744  expected=   989855744
    rank 61 : bw=90528.275 MiB/s  checksum=  1006632960  expected=  1006632960
    rank 62 : bw=90094.050 MiB/s  checksum=  1023410176  expected=  1023410176
    rank 63 : bw=89878.006 MiB/s  checksum=  1040187392  expected=  1040187392
    rank 64 : bw=89562.108 MiB/s  checksum=  1056964608  expected=  1056964608
    rank 65 : bw=89562.278 MiB/s  checksum=  1073741824  expected=  1073741824
    rank 66 : bw=89488.167 MiB/s  checksum=  1090519040  expected=  1090519040
    rank 67 : bw=89487.594 MiB/s  checksum=  1107296256  expected=  1107296256
    rank 68 : bw=90240.167 MiB/s  checksum=  1124073472  expected=  1124073472
    rank 69 : bw=90608.424 MiB/s  checksum=  1140850688  expected=  1140850688
    rank 70 : bw=91578.988 MiB/s  checksum=  1157627904  expected=  1157627904
    rank 71 : bw=90813.728 MiB/s  checksum=  1174405120  expected=  1174405120
    rank 72 : bw=89938.979 MiB/s  checksum=  1191182336  expected=  1191182336
    rank 73 : bw=89617.843 MiB/s  checksum=  1207959552  expected=  1207959552
    rank 74 : bw=89440.430 MiB/s  checksum=  1224736768  expected=  1224736768
    rank 75 : bw=88760.531 MiB/s  checksum=  1241513984  expected=  1241513984
    rank 76 : bw=88194.844 MiB/s  checksum=  1258291200  expected=  1258291200
    rank 77 : bw=86876.473 MiB/s  checksum=  1275068416  expected=  1275068416
    rank 78 : bw=86071.625 MiB/s  checksum=  1291845632  expected=  1291845632
    rank 79 : bw=85785.793 MiB/s  checksum=  1308622848  expected=  1308622848
    rank 80 : bw=85786.146 MiB/s  checksum=  1325400064  expected=  1325400064
    rank 81 : bw=85562.099 MiB/s  checksum=  1342177280  expected=  1342177280
    rank 82 : bw=85094.728 MiB/s  checksum=  1358954496  expected=  1358954496
    rank 83 : bw=84783.353 MiB/s  checksum=  1375731712  expected=  1375731712
    rank 84 : bw=84587.723 MiB/s  checksum=  1392508928  expected=  1392508928
    rank 85 : bw=84267.437 MiB/s  checksum=  1409286144  expected=  1409286144
    rank 86 : bw=84126.805 MiB/s  checksum=  1426063360  expected=  1426063360
    rank 87 : bw=84126.875 MiB/s  checksum=  1442840576  expected=  1442840576
    rank 88 : bw=83857.699 MiB/s  checksum=  1459617792  expected=  1459617792
    rank 89 : bw=83651.091 MiB/s  checksum=  1476395008  expected=  1476395008
    rank 90 : bw=83475.409 MiB/s  checksum=  1493172224  expected=  1493172224
    rank 91 : bw=83294.295 MiB/s  checksum=  1509949440  expected=  1509949440
    rank 92 : bw=83177.703 MiB/s  checksum=  1526726656  expected=  1526726656
    rank 93 : bw=83173.554 MiB/s  checksum=  1543503872  expected=  1543503872
    rank 94 : bw=83173.245 MiB/s  checksum=  1560281088  expected=  1560281088
    rank 95 : bw=83173.131 MiB/s  checksum=  1577058304  expected=  1577058304

==============================
 5) RANK-AWARE NUMA
==============================
Rank 0 running on computenode0
Rank 0 SLURM info: PROCID=0 LOCALID=0 NODEID=0
Rank 0 affinity mask: 0 1 2 3 4 5 6 7 8 9 10 11 12 13 14 15 16 17 18 19 20 21 22 23 96 97 98 99 100 101 102 103 104 105 106 107 108 109 110 111 112 113 114 115 116 117 118 119 
Rank 0 current logical CPU: 106
Rank 1 running on computenode0
Rank 1 SLURM info: PROCID=1 LOCALID=1 NODEID=0
Rank 1 affinity mask: 24 25 26 27 28 29 30 31 32 33 34 35 36 37 38 39 40 41 42 43 44 45 46 47 120 121 122 123 124 125 126 127 128 129 130 131 132 133 134 135 136 137 138 139 140 141 142 143 
Rank 1 current logical CPU: 28
Rank 2 running on computenode0
Rank 2 SLURM info: PROCID=2 LOCALID=2 NODEID=0
Rank 2 affinity mask: 48 49 50 51 52 53 54 55 56 57 58 59 60 61 62 63 64 65 66 67 68 69 70 71 144 145 146 147 148 149 150 151 152 153 154 155 156 157 158 159 160 161 162 163 164 165 166 167 
Rank 2 current logical CPU: 145
Rank 3 running on computenode0
Rank 3 SLURM info: PROCID=3 LOCALID=3 NODEID=0
Rank 3 affinity mask: 72 73 74 75 76 77 78 79 80 81 82 83 84 85 86 87 88 89 90 91 92 93 94 95 168 169 170 171 172 173 174 175 176 177 178 179 180 181 182 183 184 185 186 187 188 189 190 191 
Rank 3 current logical CPU: 177
Rank 4 running on computenode0
Rank 4 SLURM info: PROCID=4 LOCALID=4 NODEID=0
Rank 4 affinity mask: 0 1 2 3 4 5 6 7 8 9 10 11 12 13 14 15 16 17 18 19 20 21 22 23 96 97 98 99 100 101 102 103 104 105 106 107 108 109 110 111 112 113 114 115 116 117 118 119 
Rank 4 current logical CPU: 102
Rank 5 running on computenode0
Rank 5 SLURM info: PROCID=5 LOCALID=5 NODEID=0
Rank 5 affinity mask: 24 25 26 27 28 29 30 31 32 33 34 35 36 37 38 39 40 41 42 43 44 45 46 47 120 121 122 123 124 125 126 127 128 129 130 131 132 133 134 135 136 137 138 139 140 141 142 143 
Rank 5 current logical CPU: 36
Rank 6 running on computenode0
Rank 6 SLURM info: PROCID=6 LOCALID=6 NODEID=0
Rank 6 affinity mask: 48 49 50 51 52 53 54 55 56 57 58 59 60 61 62 63 64 65 66 67 68 69 70 71 144 145 146 147 148 149 150 151 152 153 154 155 156 157 158 159 160 161 162 163 164 165 166 167 
Rank 6 current logical CPU: 62
Rank 7 running on computenode0
Rank 7 SLURM info: PROCID=7 LOCALID=7 NODEID=0
Rank 7 affinity mask: 72 73 74 75 76 77 78 79 80 81 82 83 84 85 86 87 88 89 90 91 92 93 94 95 168 169 170 171 172 173 174 175 176 177 178 179 180 181 182 183 184 185 186 187 188 189 190 191 
Rank 7 current logical CPU: 185
Rank 8 running on computenode0
Rank 8 SLURM info: PROCID=8 LOCALID=8 NODEID=0
Rank 8 affinity mask: 0 1 2 3 4 5 6 7 8 9 10 11 12 13 14 15 16 17 18 19 20 21 22 23 96 97 98 99 100 101 102 103 104 105 106 107 108 109 110 111 112 113 114 115 116 117 118 119 
Rank 8 current logical CPU: 8
Rank 9 running on computenode0
Rank 9 SLURM info: PROCID=9 LOCALID=9 NODEID=0
Rank 9 affinity mask: 24 25 26 27 28 29 30 31 32 33 34 35 36 37 38 39 40 41 42 43 44 45 46 47 120 121 122 123 124 125 126 127 128 129 130 131 132 133 134 135 136 137 138 139 140 141 142 143 
Rank 9 current logical CPU: 32
Rank 10 running on computenode0
Rank 10 SLURM info: PROCID=10 LOCALID=10 NODEID=0
Rank 10 affinity mask: 48 49 50 51 52 53 54 55 56 57 58 59 60 61 62 63 64 65 66 67 68 69 70 71 144 145 146 147 148 149 150 151 152 153 154 155 156 157 158 159 160 161 162 163 164 165 166 167 
Rank 10 current logical CPU: 64
Rank 11 running on computenode0
Rank 11 SLURM info: PROCID=11 LOCALID=11 NODEID=0
Rank 11 affinity mask: 72 73 74 75 76 77 78 79 80 81 82 83 84 85 86 87 88 89 90 91 92 93 94 95 168 169 170 171 172 173 174 175 176 177 178 179 180 181 182 183 184 185 186 187 188 189 190 191 
Rank 11 current logical CPU: 183
Rank 12 running on computenode0
Rank 12 SLURM info: PROCID=12 LOCALID=12 NODEID=0
Rank 12 affinity mask: 0 1 2 3 4 5 6 7 8 9 10 11 12 13 14 15 16 17 18 19 20 21 22 23 96 97 98 99 100 101 102 103 104 105 106 107 108 109 110 111 112 113 114 115 116 117 118 119 
Rank 12 current logical CPU: 18
Rank 13 running on computenode0
Rank 13 SLURM info: PROCID=13 LOCALID=13 NODEID=0
Rank 13 affinity mask: 24 25 26 27 28 29 30 31 32 33 34 35 36 37 38 39 40 41 42 43 44 45 46 47 120 121 122 123 124 125 126 127 128 129 130 131 132 133 134 135 136 137 138 139 140 141 142 143 
Rank 13 current logical CPU: 42
Rank 14 running on computenode0
Rank 14 SLURM info: PROCID=14 LOCALID=14 NODEID=0
Rank 14 affinity mask: 48 49 50 51 52 53 54 55 56 57 58 59 60 61 62 63 64 65 66 67 68 69 70 71 144 145 146 147 148 149 150 151 152 153 154 155 156 157 158 159 160 161 162 163 164 165 166 167 
Rank 14 current logical CPU: 59
Rank 15 running on computenode0
Rank 15 SLURM info: PROCID=15 LOCALID=15 NODEID=0
Rank 15 affinity mask: 72 73 74 75 76 77 78 79 80 81 82 83 84 85 86 87 88 89 90 91 92 93 94 95 168 169 170 171 172 173 174 175 176 177 178 179 180 181 182 183 184 185 186 187 188 189 190 191 
Rank 15 current logical CPU: 173
Rank 16 running on computenode0
Rank 16 SLURM info: PROCID=16 LOCALID=16 NODEID=0
Rank 16 affinity mask: 0 1 2 3 4 5 6 7 8 9 10 11 12 13 14 15 16 17 18 19 20 21 22 23 96 97 98 99 100 101 102 103 104 105 106 107 108 109 110 111 112 113 114 115 116 117 118 119 
Rank 16 current logical CPU: 21
Rank 17 running on computenode0
Rank 17 SLURM info: PROCID=17 LOCALID=17 NODEID=0
Rank 17 affinity mask: 24 25 26 27 28 29 30 31 32 33 34 35 36 37 38 39 40 41 42 43 44 45 46 47 120 121 122 123 124 125 126 127 128 129 130 131 132 133 134 135 136 137 138 139 140 141 142 143 
Rank 17 current logical CPU: 133
Rank 18 running on computenode0
Rank 18 SLURM info: PROCID=18 LOCALID=18 NODEID=0
Rank 18 affinity mask: 48 49 50 51 52 53 54 55 56 57 58 59 60 61 62 63 64 65 66 67 68 69 70 71 144 145 146 147 148 149 150 151 152 153 154 155 156 157 158 159 160 161 162 163 164 165 166 167 
Rank 18 current logical CPU: 58
Rank 19 running on computenode0
Rank 19 SLURM info: PROCID=19 LOCALID=19 NODEID=0
Rank 19 affinity mask: 72 73 74 75 76 77 78 79 80 81 82 83 84 85 86 87 88 89 90 91 92 93 94 95 168 169 170 171 172 173 174 175 176 177 178 179 180 181 182 183 184 185 186 187 188 189 190 191 
Rank 19 current logical CPU: 85
Rank 20 running on computenode0
Rank 20 SLURM info: PROCID=20 LOCALID=20 NODEID=0
Rank 20 affinity mask: 0 1 2 3 4 5 6 7 8 9 10 11 12 13 14 15 16 17 18 19 20 21 22 23 96 97 98 99 100 101 102 103 104 105 106 107 108 109 110 111 112 113 114 115 116 117 118 119 
Rank 20 current logical CPU: 20
Rank 21 running on computenode0
Rank 21 SLURM info: PROCID=21 LOCALID=21 NODEID=0
Rank 21 affinity mask: 24 25 26 27 28 29 30 31 32 33 34 35 36 37 38 39 40 41 42 43 44 45 46 47 120 121 122 123 124 125 126 127 128 129 130 131 132 133 134 135 136 137 138 139 140 141 142 143 
Rank 21 current logical CPU: 39
Rank 22 running on computenode0
Rank 22 SLURM info: PROCID=22 LOCALID=22 NODEID=0
Rank 22 affinity mask: 48 49 50 51 52 53 54 55 56 57 58 59 60 61 62 63 64 65 66 67 68 69 70 71 144 145 146 147 148 149 150 151 152 153 154 155 156 157 158 159 160 161 162 163 164 165 166 167 
Rank 22 current logical CPU: 60
Rank 23 running on computenode0
Rank 23 SLURM info: PROCID=23 LOCALID=23 NODEID=0
Rank 23 affinity mask: 72 73 74 75 76 77 78 79 80 81 82 83 84 85 86 87 88 89 90 91 92 93 94 95 168 169 170 171 172 173 174 175 176 177 178 179 180 181 182 183 184 185 186 187 188 189 190 191 
Rank 23 current logical CPU: 91
Rank 24 running on computenode0
Rank 24 SLURM info: PROCID=24 LOCALID=24 NODEID=0
Rank 24 affinity mask: 0 1 2 3 4 5 6 7 8 9 10 11 12 13 14 15 16 17 18 19 20 21 22 23 96 97 98 99 100 101 102 103 104 105 106 107 108 109 110 111 112 113 114 115 116 117 118 119 
Rank 24 current logical CPU: 0
Rank 25 running on computenode0
Rank 25 SLURM info: PROCID=25 LOCALID=25 NODEID=0
Rank 25 affinity mask: 24 25 26 27 28 29 30 31 32 33 34 35 36 37 38 39 40 41 42 43 44 45 46 47 120 121 122 123 124 125 126 127 128 129 130 131 132 133 134 135 136 137 138 139 140 141 142 143 
Rank 25 current logical CPU: 29
Rank 26 running on computenode0
Rank 26 SLURM info: PROCID=26 LOCALID=26 NODEID=0
Rank 26 affinity mask: 48 49 50 51 52 53 54 55 56 57 58 59 60 61 62 63 64 65 66 67 68 69 70 71 144 145 146 147 148 149 150 151 152 153 154 155 156 157 158 159 160 161 162 163 164 165 166 167 
Rank 26 current logical CPU: 52
Rank 27 running on computenode0
Rank 27 SLURM info: PROCID=27 LOCALID=27 NODEID=0
Rank 27 affinity mask: 72 73 74 75 76 77 78 79 80 81 82 83 84 85 86 87 88 89 90 91 92 93 94 95 168 169 170 171 172 173 174 175 176 177 178 179 180 181 182 183 184 185 186 187 188 189 190 191 
Rank 27 current logical CPU: 186
Rank 28 running on computenode0
Rank 28 SLURM info: PROCID=28 LOCALID=28 NODEID=0
Rank 28 affinity mask: 0 1 2 3 4 5 6 7 8 9 10 11 12 13 14 15 16 17 18 19 20 21 22 23 96 97 98 99 100 101 102 103 104 105 106 107 108 109 110 111 112 113 114 115 116 117 118 119 
Rank 28 current logical CPU: 23
Rank 29 running on computenode0
Rank 29 SLURM info: PROCID=29 LOCALID=29 NODEID=0
Rank 29 affinity mask: 24 25 26 27 28 29 30 31 32 33 34 35 36 37 38 39 40 41 42 43 44 45 46 47 120 121 122 123 124 125 126 127 128 129 130 131 132 133 134 135 136 137 138 139 140 141 142 143 
Rank 29 current logical CPU: 35
Rank 30 running on computenode0
Rank 30 SLURM info: PROCID=30 LOCALID=30 NODEID=0
Rank 30 affinity mask: 48 49 50 51 52 53 54 55 56 57 58 59 60 61 62 63 64 65 66 67 68 69 70 71 144 145 146 147 148 149 150 151 152 153 154 155 156 157 158 159 160 161 162 163 164 165 166 167 
Rank 30 current logical CPU: 65
Rank 31 running on computenode0
Rank 31 SLURM info: PROCID=31 LOCALID=31 NODEID=0
Rank 31 affinity mask: 72 73 74 75 76 77 78 79 80 81 82 83 84 85 86 87 88 89 90 91 92 93 94 95 168 169 170 171 172 173 174 175 176 177 178 179 180 181 182 183 184 185 186 187 188 189 190 191 
Rank 31 current logical CPU: 191
Rank 32 running on computenode0
Rank 32 SLURM info: PROCID=32 LOCALID=32 NODEID=0
Rank 32 affinity mask: 0 1 2 3 4 5 6 7 8 9 10 11 12 13 14 15 16 17 18 19 20 21 22 23 96 97 98 99 100 101 102 103 104 105 106 107 108 109 110 111 112 113 114 115 116 117 118 119 
Rank 32 current logical CPU: 113
Rank 33 running on computenode0
Rank 33 SLURM info: PROCID=33 LOCALID=33 NODEID=0
Rank 33 affinity mask: 24 25 26 27 28 29 30 31 32 33 34 35 36 37 38 39 40 41 42 43 44 45 46 47 120 121 122 123 124 125 126 127 128 129 130 131 132 133 134 135 136 137 138 139 140 141 142 143 
Rank 33 current logical CPU: 121
Rank 34 running on computenode0
Rank 34 SLURM info: PROCID=34 LOCALID=34 NODEID=0
Rank 34 affinity mask: 48 49 50 51 52 53 54 55 56 57 58 59 60 61 62 63 64 65 66 67 68 69 70 71 144 145 146 147 148 149 150 151 152 153 154 155 156 157 158 159 160 161 162 163 164 165 166 167 
Rank 34 current logical CPU: 152
Rank 35 running on computenode0
Rank 35 SLURM info: PROCID=35 LOCALID=35 NODEID=0
Rank 35 affinity mask: 72 73 74 75 76 77 78 79 80 81 82 83 84 85 86 87 88 89 90 91 92 93 94 95 168 169 170 171 172 173 174 175 176 177 178 179 180 181 182 183 184 185 186 187 188 189 190 191 
Rank 35 current logical CPU: 92
Rank 36 running on computenode0
Rank 36 SLURM info: PROCID=36 LOCALID=36 NODEID=0
Rank 36 affinity mask: 0 1 2 3 4 5 6 7 8 9 10 11 12 13 14 15 16 17 18 19 20 21 22 23 96 97 98 99 100 101 102 103 104 105 106 107 108 109 110 111 112 113 114 115 116 117 118 119 
Rank 36 current logical CPU: 16
Rank 37 running on computenode0
Rank 37 SLURM info: PROCID=37 LOCALID=37 NODEID=0
Rank 37 affinity mask: 24 25 26 27 28 29 30 31 32 33 34 35 36 37 38 39 40 41 42 43 44 45 46 47 120 121 122 123 124 125 126 127 128 129 130 131 132 133 134 135 136 137 138 139 140 141 142 143 
Rank 37 current logical CPU: 126
Rank 38 running on computenode0
Rank 38 SLURM info: PROCID=38 LOCALID=38 NODEID=0
Rank 38 affinity mask: 48 49 50 51 52 53 54 55 56 57 58 59 60 61 62 63 64 65 66 67 68 69 70 71 144 145 146 147 148 149 150 151 152 153 154 155 156 157 158 159 160 161 162 163 164 165 166 167 
Rank 38 current logical CPU: 67
Rank 39 running on computenode0
Rank 39 SLURM info: PROCID=39 LOCALID=39 NODEID=0
Rank 39 affinity mask: 72 73 74 75 76 77 78 79 80 81 82 83 84 85 86 87 88 89 90 91 92 93 94 95 168 169 170 171 172 173 174 175 176 177 178 179 180 181 182 183 184 185 186 187 188 189 190 191 
Rank 39 current logical CPU: 73
Rank 40 running on computenode0
Rank 40 SLURM info: PROCID=40 LOCALID=40 NODEID=0
Rank 40 affinity mask: 0 1 2 3 4 5 6 7 8 9 10 11 12 13 14 15 16 17 18 19 20 21 22 23 96 97 98 99 100 101 102 103 104 105 106 107 108 109 110 111 112 113 114 115 116 117 118 119 
Rank 40 current logical CPU: 12
Rank 41 running on computenode0
Rank 41 SLURM info: PROCID=41 LOCALID=41 NODEID=0
Rank 41 affinity mask: 24 25 26 27 28 29 30 31 32 33 34 35 36 37 38 39 40 41 42 43 44 45 46 47 120 121 122 123 124 125 126 127 128 129 130 131 132 133 134 135 136 137 138 139 140 141 142 143 
Rank 41 current logical CPU: 130
Rank 42 running on computenode0
Rank 42 SLURM info: PROCID=42 LOCALID=42 NODEID=0
Rank 42 affinity mask: 48 49 50 51 52 53 54 55 56 57 58 59 60 61 62 63 64 65 66 67 68 69 70 71 144 145 146 147 148 149 150 151 152 153 154 155 156 157 158 159 160 161 162 163 164 165 166 167 
Rank 42 current logical CPU: 149
Rank 43 running on computenode0
Rank 43 SLURM info: PROCID=43 LOCALID=43 NODEID=0
Rank 43 affinity mask: 72 73 74 75 76 77 78 79 80 81 82 83 84 85 86 87 88 89 90 91 92 93 94 95 168 169 170 171 172 173 174 175 176 177 178 179 180 181 182 183 184 185 186 187 188 189 190 191 
Rank 43 current logical CPU: 175
Rank 44 running on computenode0
Rank 44 SLURM info: PROCID=44 LOCALID=44 NODEID=0
Rank 44 affinity mask: 0 1 2 3 4 5 6 7 8 9 10 11 12 13 14 15 16 17 18 19 20 21 22 23 96 97 98 99 100 101 102 103 104 105 106 107 108 109 110 111 112 113 114 115 116 117 118 119 
Rank 44 current logical CPU: 5
Rank 45 running on computenode0
Rank 45 SLURM info: PROCID=45 LOCALID=45 NODEID=0
Rank 45 affinity mask: 24 25 26 27 28 29 30 31 32 33 34 35 36 37 38 39 40 41 42 43 44 45 46 47 120 121 122 123 124 125 126 127 128 129 130 131 132 133 134 135 136 137 138 139 140 141 142 143 
Rank 45 current logical CPU: 128
Rank 46 running on computenode0
Rank 46 SLURM info: PROCID=46 LOCALID=46 NODEID=0
Rank 46 affinity mask: 48 49 50 51 52 53 54 55 56 57 58 59 60 61 62 63 64 65 66 67 68 69 70 71 144 145 146 147 148 149 150 151 152 153 154 155 156 157 158 159 160 161 162 163 164 165 166 167 
Rank 46 current logical CPU: 162
Rank 47 running on computenode0
Rank 47 SLURM info: PROCID=47 LOCALID=47 NODEID=0
Rank 47 affinity mask: 72 73 74 75 76 77 78 79 80 81 82 83 84 85 86 87 88 89 90 91 92 93 94 95 168 169 170 171 172 173 174 175 176 177 178 179 180 181 182 183 184 185 186 187 188 189 190 191 
Rank 47 current logical CPU: 80
Rank 48 running on computenode0
Rank 48 SLURM info: PROCID=48 LOCALID=48 NODEID=0
Rank 48 affinity mask: 0 1 2 3 4 5 6 7 8 9 10 11 12 13 14 15 16 17 18 19 20 21 22 23 96 97 98 99 100 101 102 103 104 105 106 107 108 109 110 111 112 113 114 115 116 117 118 119 
Rank 48 current logical CPU: 111
Rank 49 running on computenode0
Rank 49 SLURM info: PROCID=49 LOCALID=49 NODEID=0
Rank 49 affinity mask: 24 25 26 27 28 29 30 31 32 33 34 35 36 37 38 39 40 41 42 43 44 45 46 47 120 121 122 123 124 125 126 127 128 129 130 131 132 133 134 135 136 137 138 139 140 141 142 143 
Rank 49 current logical CPU: 41
Rank 50 running on computenode0
Rank 50 SLURM info: PROCID=50 LOCALID=50 NODEID=0
Rank 50 affinity mask: 48 49 50 51 52 53 54 55 56 57 58 59 60 61 62 63 64 65 66 67 68 69 70 71 144 145 146 147 148 149 150 151 152 153 154 155 156 157 158 159 160 161 162 163 164 165 166 167 
Rank 50 current logical CPU: 151
Rank 51 running on computenode0
Rank 51 SLURM info: PROCID=51 LOCALID=51 NODEID=0
Rank 51 affinity mask: 72 73 74 75 76 77 78 79 80 81 82 83 84 85 86 87 88 89 90 91 92 93 94 95 168 169 170 171 172 173 174 175 176 177 178 179 180 181 182 183 184 185 186 187 188 189 190 191 
Rank 51 current logical CPU: 75
Rank 52 running on computenode0
Rank 52 SLURM info: PROCID=52 LOCALID=52 NODEID=0
Rank 52 affinity mask: 0 1 2 3 4 5 6 7 8 9 10 11 12 13 14 15 16 17 18 19 20 21 22 23 96 97 98 99 100 101 102 103 104 105 106 107 108 109 110 111 112 113 114 115 116 117 118 119 
Rank 52 current logical CPU: 9
Rank 53 running on computenode0
Rank 53 SLURM info: PROCID=53 LOCALID=53 NODEID=0
Rank 53 affinity mask: 24 25 26 27 28 29 30 31 32 33 34 35 36 37 38 39 40 41 42 43 44 45 46 47 120 121 122 123 124 125 126 127 128 129 130 131 132 133 134 135 136 137 138 139 140 141 142 143 
Rank 53 current logical CPU: 27
Rank 54 running on computenode0
Rank 54 SLURM info: PROCID=54 LOCALID=54 NODEID=0
Rank 54 affinity mask: 48 49 50 51 52 53 54 55 56 57 58 59 60 61 62 63 64 65 66 67 68 69 70 71 144 145 146 147 148 149 150 151 152 153 154 155 156 157 158 159 160 161 162 163 164 165 166 167 
Rank 54 current logical CPU: 69
Rank 55 running on computenode0
Rank 55 SLURM info: PROCID=55 LOCALID=55 NODEID=0
Rank 55 affinity mask: 72 73 74 75 76 77 78 79 80 81 82 83 84 85 86 87 88 89 90 91 92 93 94 95 168 169 170 171 172 173 174 175 176 177 178 179 180 181 182 183 184 185 186 187 188 189 190 191 
Rank 55 current logical CPU: 86
Rank 56 running on computenode0
Rank 56 SLURM info: PROCID=56 LOCALID=56 NODEID=0
Rank 56 affinity mask: 0 1 2 3 4 5 6 7 8 9 10 11 12 13 14 15 16 17 18 19 20 21 22 23 96 97 98 99 100 101 102 103 104 105 106 107 108 109 110 111 112 113 114 115 116 117 118 119 
Rank 56 current logical CPU: 97
Rank 57 running on computenode0
Rank 57 SLURM info: PROCID=57 LOCALID=57 NODEID=0
Rank 57 affinity mask: 24 25 26 27 28 29 30 31 32 33 34 35 36 37 38 39 40 41 42 43 44 45 46 47 120 121 122 123 124 125 126 127 128 129 130 131 132 133 134 135 136 137 138 139 140 141 142 143 
Rank 57 current logical CPU: 139
Rank 58 running on computenode0
Rank 58 SLURM info: PROCID=58 LOCALID=58 NODEID=0
Rank 58 affinity mask: 48 49 50 51 52 53 54 55 56 57 58 59 60 61 62 63 64 65 66 67 68 69 70 71 144 145 146 147 148 149 150 151 152 153 154 155 156 157 158 159 160 161 162 163 164 165 166 167 
Rank 58 current logical CPU: 70
Rank 59 running on computenode0
Rank 59 SLURM info: PROCID=59 LOCALID=59 NODEID=0
Rank 59 affinity mask: 72 73 74 75 76 77 78 79 80 81 82 83 84 85 86 87 88 89 90 91 92 93 94 95 168 169 170 171 172 173 174 175 176 177 178 179 180 181 182 183 184 185 186 187 188 189 190 191 
Rank 59 current logical CPU: 74
Rank 60 running on computenode0
Rank 60 SLURM info: PROCID=60 LOCALID=60 NODEID=0
Rank 60 affinity mask: 0 1 2 3 4 5 6 7 8 9 10 11 12 13 14 15 16 17 18 19 20 21 22 23 96 97 98 99 100 101 102 103 104 105 106 107 108 109 110 111 112 113 114 115 116 117 118 119 
Rank 60 current logical CPU: 2
Rank 61 running on computenode0
Rank 61 SLURM info: PROCID=61 LOCALID=61 NODEID=0
Rank 61 affinity mask: 24 25 26 27 28 29 30 31 32 33 34 35 36 37 38 39 40 41 42 43 44 45 46 47 120 121 122 123 124 125 126 127 128 129 130 131 132 133 134 135 136 137 138 139 140 141 142 143 
Rank 61 current logical CPU: 45
Rank 62 running on computenode0
Rank 62 SLURM info: PROCID=62 LOCALID=62 NODEID=0
Rank 62 affinity mask: 48 49 50 51 52 53 54 55 56 57 58 59 60 61 62 63 64 65 66 67 68 69 70 71 144 145 146 147 148 149 150 151 152 153 154 155 156 157 158 159 160 161 162 163 164 165 166 167 
Rank 62 current logical CPU: 159
Rank 63 running on computenode0
Rank 63 SLURM info: PROCID=63 LOCALID=63 NODEID=0
Rank 63 affinity mask: 72 73 74 75 76 77 78 79 80 81 82 83 84 85 86 87 88 89 90 91 92 93 94 95 168 169 170 171 172 173 174 175 176 177 178 179 180 181 182 183 184 185 186 187 188 189 190 191 
Rank 63 current logical CPU: 190
Rank 64 running on computenode0
Rank 64 SLURM info: PROCID=64 LOCALID=64 NODEID=0
Rank 64 affinity mask: 0 1 2 3 4 5 6 7 8 9 10 11 12 13 14 15 16 17 18 19 20 21 22 23 96 97 98 99 100 101 102 103 104 105 106 107 108 109 110 111 112 113 114 115 116 117 118 119 
Rank 64 current logical CPU: 19
Rank 65 running on computenode0
Rank 65 SLURM info: PROCID=65 LOCALID=65 NODEID=0
Rank 65 affinity mask: 24 25 26 27 28 29 30 31 32 33 34 35 36 37 38 39 40 41 42 43 44 45 46 47 120 121 122 123 124 125 126 127 128 129 130 131 132 133 134 135 136 137 138 139 140 141 142 143 
Rank 65 current logical CPU: 140
Rank 66 running on computenode0
Rank 66 SLURM info: PROCID=66 LOCALID=66 NODEID=0
Rank 66 affinity mask: 48 49 50 51 52 53 54 55 56 57 58 59 60 61 62 63 64 65 66 67 68 69 70 71 144 145 146 147 148 149 150 151 152 153 154 155 156 157 158 159 160 161 162 163 164 165 166 167 
Rank 66 current logical CPU: 54
Rank 67 running on computenode0
Rank 67 SLURM info: PROCID=67 LOCALID=67 NODEID=0
Rank 67 affinity mask: 72 73 74 75 76 77 78 79 80 81 82 83 84 85 86 87 88 89 90 91 92 93 94 95 168 169 170 171 172 173 174 175 176 177 178 179 180 181 182 183 184 185 186 187 188 189 190 191 
Rank 67 current logical CPU: 78
Rank 68 running on computenode0
Rank 68 SLURM info: PROCID=68 LOCALID=68 NODEID=0
Rank 68 affinity mask: 0 1 2 3 4 5 6 7 8 9 10 11 12 13 14 15 16 17 18 19 20 21 22 23 96 97 98 99 100 101 102 103 104 105 106 107 108 109 110 111 112 113 114 115 116 117 118 119 
Rank 68 current logical CPU: 107
Rank 69 running on computenode0
Rank 69 SLURM info: PROCID=69 LOCALID=69 NODEID=0
Rank 69 affinity mask: 24 25 26 27 28 29 30 31 32 33 34 35 36 37 38 39 40 41 42 43 44 45 46 47 120 121 122 123 124 125 126 127 128 129 130 131 132 133 134 135 136 137 138 139 140 141 142 143 
Rank 69 current logical CPU: 33
Rank 70 running on computenode0
Rank 70 SLURM info: PROCID=70 LOCALID=70 NODEID=0
Rank 70 affinity mask: 48 49 50 51 52 53 54 55 56 57 58 59 60 61 62 63 64 65 66 67 68 69 70 71 144 145 146 147 148 149 150 151 152 153 154 155 156 157 158 159 160 161 162 163 164 165 166 167 
Rank 70 current logical CPU: 144
Rank 71 running on computenode0
Rank 71 SLURM info: PROCID=71 LOCALID=71 NODEID=0
Rank 71 affinity mask: 72 73 74 75 76 77 78 79 80 81 82 83 84 85 86 87 88 89 90 91 92 93 94 95 168 169 170 171 172 173 174 175 176 177 178 179 180 181 182 183 184 185 186 187 188 189 190 191 
Rank 71 current logical CPU: 88
Rank 72 running on computenode0
Rank 72 SLURM info: PROCID=72 LOCALID=72 NODEID=0
Rank 72 affinity mask: 0 1 2 3 4 5 6 7 8 9 10 11 12 13 14 15 16 17 18 19 20 21 22 23 96 97 98 99 100 101 102 103 104 105 106 107 108 109 110 111 112 113 114 115 116 117 118 119 
Rank 72 current logical CPU: 13
Rank 73 running on computenode0
Rank 73 SLURM info: PROCID=73 LOCALID=73 NODEID=0
Rank 73 affinity mask: 24 25 26 27 28 29 30 31 32 33 34 35 36 37 38 39 40 41 42 43 44 45 46 47 120 121 122 123 124 125 126 127 128 129 130 131 132 133 134 135 136 137 138 139 140 141 142 143 
Rank 73 current logical CPU: 120
Rank 74 running on computenode0
Rank 74 SLURM info: PROCID=74 LOCALID=74 NODEID=0
Rank 74 affinity mask: 48 49 50 51 52 53 54 55 56 57 58 59 60 61 62 63 64 65 66 67 68 69 70 71 144 145 146 147 148 149 150 151 152 153 154 155 156 157 158 159 160 161 162 163 164 165 166 167 
Rank 74 current logical CPU: 61
Rank 75 running on computenode0
Rank 75 SLURM info: PROCID=75 LOCALID=75 NODEID=0
Rank 75 affinity mask: 72 73 74 75 76 77 78 79 80 81 82 83 84 85 86 87 88 89 90 91 92 93 94 95 168 169 170 171 172 173 174 175 176 177 178 179 180 181 182 183 184 185 186 187 188 189 190 191 
Rank 75 current logical CPU: 84
Rank 76 running on computenode0
Rank 76 SLURM info: PROCID=76 LOCALID=76 NODEID=0
Rank 76 affinity mask: 0 1 2 3 4 5 6 7 8 9 10 11 12 13 14 15 16 17 18 19 20 21 22 23 96 97 98 99 100 101 102 103 104 105 106 107 108 109 110 111 112 113 114 115 116 117 118 119 
Rank 76 current logical CPU: 14
Rank 77 running on computenode0
Rank 77 SLURM info: PROCID=77 LOCALID=77 NODEID=0
Rank 77 affinity mask: 24 25 26 27 28 29 30 31 32 33 34 35 36 37 38 39 40 41 42 43 44 45 46 47 120 121 122 123 124 125 126 127 128 129 130 131 132 133 134 135 136 137 138 139 140 141 142 143 
Rank 77 current logical CPU: 142
Rank 78 running on computenode0
Rank 78 SLURM info: PROCID=78 LOCALID=78 NODEID=0
Rank 78 affinity mask: 48 49 50 51 52 53 54 55 56 57 58 59 60 61 62 63 64 65 66 67 68 69 70 71 144 145 146 147 148 149 150 151 152 153 154 155 156 157 158 159 160 161 162 163 164 165 166 167 
Rank 78 current logical CPU: 51
Rank 79 running on computenode0
Rank 79 SLURM info: PROCID=79 LOCALID=79 NODEID=0
Rank 79 affinity mask: 72 73 74 75 76 77 78 79 80 81 82 83 84 85 86 87 88 89 90 91 92 93 94 95 168 169 170 171 172 173 174 175 176 177 178 179 180 181 182 183 184 185 186 187 188 189 190 191 
Rank 79 current logical CPU: 178
Rank 80 running on computenode0
Rank 80 SLURM info: PROCID=80 LOCALID=80 NODEID=0
Rank 80 affinity mask: 0 1 2 3 4 5 6 7 8 9 10 11 12 13 14 15 16 17 18 19 20 21 22 23 96 97 98 99 100 101 102 103 104 105 106 107 108 109 110 111 112 113 114 115 116 117 118 119 
Rank 80 current logical CPU: 103
Rank 81 running on computenode0
Rank 81 SLURM info: PROCID=81 LOCALID=81 NODEID=0
Rank 81 affinity mask: 24 25 26 27 28 29 30 31 32 33 34 35 36 37 38 39 40 41 42 43 44 45 46 47 120 121 122 123 124 125 126 127 128 129 130 131 132 133 134 135 136 137 138 139 140 141 142 143 
Rank 81 current logical CPU: 40
Rank 82 running on computenode0
Rank 82 SLURM info: PROCID=82 LOCALID=82 NODEID=0
Rank 82 affinity mask: 48 49 50 51 52 53 54 55 56 57 58 59 60 61 62 63 64 65 66 67 68 69 70 71 144 145 146 147 148 149 150 151 152 153 154 155 156 157 158 159 160 161 162 163 164 165 166 167 
Rank 82 current logical CPU: 57
Rank 83 running on computenode0
Rank 83 SLURM info: PROCID=83 LOCALID=83 NODEID=0
Rank 83 affinity mask: 72 73 74 75 76 77 78 79 80 81 82 83 84 85 86 87 88 89 90 91 92 93 94 95 168 169 170 171 172 173 174 175 176 177 178 179 180 181 182 183 184 185 186 187 188 189 190 191 
Rank 83 current logical CPU: 168
Rank 84 running on computenode0
Rank 84 SLURM info: PROCID=84 LOCALID=84 NODEID=0
Rank 84 affinity mask: 0 1 2 3 4 5 6 7 8 9 10 11 12 13 14 15 16 17 18 19 20 21 22 23 96 97 98 99 100 101 102 103 104 105 106 107 108 109 110 111 112 113 114 115 116 117 118 119 
Rank 84 current logical CPU: 118
Rank 85 running on computenode0
Rank 85 SLURM info: PROCID=85 LOCALID=85 NODEID=0
Rank 85 affinity mask: 24 25 26 27 28 29 30 31 32 33 34 35 36 37 38 39 40 41 42 43 44 45 46 47 120 121 122 123 124 125 126 127 128 129 130 131 132 133 134 135 136 137 138 139 140 141 142 143 
Rank 85 current logical CPU: 38
Rank 86 running on computenode0
Rank 86 SLURM info: PROCID=86 LOCALID=86 NODEID=0
Rank 86 affinity mask: 48 49 50 51 52 53 54 55 56 57 58 59 60 61 62 63 64 65 66 67 68 69 70 71 144 145 146 147 148 149 150 151 152 153 154 155 156 157 158 159 160 161 162 163 164 165 166 167 
Rank 86 current logical CPU: 167
Rank 87 running on computenode0
Rank 87 SLURM info: PROCID=87 LOCALID=87 NODEID=0
Rank 87 affinity mask: 72 73 74 75 76 77 78 79 80 81 82 83 84 85 86 87 88 89 90 91 92 93 94 95 168 169 170 171 172 173 174 175 176 177 178 179 180 181 182 183 184 185 186 187 188 189 190 191 
Rank 87 current logical CPU: 76
Rank 88 running on computenode0
Rank 88 SLURM info: PROCID=88 LOCALID=88 NODEID=0
Rank 88 affinity mask: 0 1 2 3 4 5 6 7 8 9 10 11 12 13 14 15 16 17 18 19 20 21 22 23 96 97 98 99 100 101 102 103 104 105 106 107 108 109 110 111 112 113 114 115 116 117 118 119 
Rank 88 current logical CPU: 4
Rank 89 running on computenode0
Rank 89 SLURM info: PROCID=89 LOCALID=89 NODEID=0
Rank 89 affinity mask: 24 25 26 27 28 29 30 31 32 33 34 35 36 37 38 39 40 41 42 43 44 45 46 47 120 121 122 123 124 125 126 127 128 129 130 131 132 133 134 135 136 137 138 139 140 141 142 143 
Rank 89 current logical CPU: 26
Rank 90 running on computenode0
Rank 90 SLURM info: PROCID=90 LOCALID=90 NODEID=0
Rank 90 affinity mask: 48 49 50 51 52 53 54 55 56 57 58 59 60 61 62 63 64 65 66 67 68 69 70 71 144 145 146 147 148 149 150 151 152 153 154 155 156 157 158 159 160 161 162 163 164 165 166 167 
Rank 90 current logical CPU: 164
Rank 91 running on computenode0
Rank 91 SLURM info: PROCID=91 LOCALID=91 NODEID=0
Rank 91 affinity mask: 72 73 74 75 76 77 78 79 80 81 82 83 84 85 86 87 88 89 90 91 92 93 94 95 168 169 170 171 172 173 174 175 176 177 178 179 180 181 182 183 184 185 186 187 188 189 190 191 
Rank 91 current logical CPU: 179
Rank 92 running on computenode0
Rank 92 SLURM info: PROCID=92 LOCALID=92 NODEID=0
Rank 92 affinity mask: 0 1 2 3 4 5 6 7 8 9 10 11 12 13 14 15 16 17 18 19 20 21 22 23 96 97 98 99 100 101 102 103 104 105 106 107 108 109 110 111 112 113 114 115 116 117 118 119 
Rank 92 current logical CPU: 3
Rank 93 running on computenode0
Rank 93 SLURM info: PROCID=93 LOCALID=93 NODEID=0
Rank 93 affinity mask: 24 25 26 27 28 29 30 31 32 33 34 35 36 37 38 39 40 41 42 43 44 45 46 47 120 121 122 123 124 125 126 127 128 129 130 131 132 133 134 135 136 137 138 139 140 141 142 143 
Rank 93 current logical CPU: 143
Rank 94 running on computenode0
Rank 94 SLURM info: PROCID=94 LOCALID=94 NODEID=0
Rank 94 affinity mask: 48 49 50 51 52 53 54 55 56 57 58 59 60 61 62 63 64 65 66 67 68 69 70 71 144 145 146 147 148 149 150 151 152 153 154 155 156 157 158 159 160 161 162 163 164 165 166 167 
Rank 94 current logical CPU: 146
Rank 95 running on computenode0
Rank 95 SLURM info: PROCID=95 LOCALID=95 NODEID=0
Rank 95 affinity mask: 72 73 74 75 76 77 78 79 80 81 82 83 84 85 86 87 88 89 90 91 92 93 94 95 168 169 170 171 172 173 174 175 176 177 178 179 180 181 182 183 184 185 186 187 188 189 190 191 
Rank 95 current logical CPU: 189

# MPI Ring Benchmark
#
# Configuration
#   MPI ranks        : 96
#   Max message size : 16777216 bytes
#   Warmup iterations: 20
#   Small iterations : 1000
#   Large iterations : 100
#   MPI_Wtick        : 1.000000000e-09 seconds
#
# Metrics
#   Exchange         : full ring exchange time
#   AggregateRingBW  : aggregate bandwidth across the ring
#
# Size(Bytes)	Exchange(us)	AggregateRingBW(MiB/s)
       1 bytes      2.02 us     45.34 MiB/s
       2 bytes      1.68 us    108.70 MiB/s
       4 bytes      1.77 us    206.81 MiB/s
       8 bytes      1.71 us    428.14 MiB/s
      16 bytes      1.74 us    843.52 MiB/s
      32 bytes      1.73 us   1692.56 MiB/s
      64 bytes      2.20 us   2665.18 MiB/s
     128 bytes      2.52 us   4654.40 MiB/s
     256 bytes      3.13 us   7491.44 MiB/s
     512 bytes      2.97 us  15789.84 MiB/s
    1024 bytes      8.16 us  11487.27 MiB/s
    2048 bytes      8.13 us  23070.51 MiB/s
    4096 bytes      8.69 us  43132.49 MiB/s
    8192 bytes      9.27 us  80870.07 MiB/s
   16384 bytes     10.44 us  143714.23 MiB/s
   32768 bytes     11.97 us  250674.94 MiB/s
   65536 bytes     17.21 us  348709.08 MiB/s
  131072 bytes     26.30 us  456270.47 MiB/s
  262144 bytes     51.19 us  468827.28 MiB/s
  524288 bytes     97.92 us  490179.56 MiB/s
 1048576 bytes    175.92 us  545710.50 MiB/s
 2097152 bytes    966.82 us  198588.86 MiB/s
 4194304 bytes   2882.95 us  133196.77 MiB/s
 8388608 bytes   8196.32 us  93700.58 MiB/s
16777216 bytes  17287.81 us  88848.74 MiB/s
  Verification data:
    rank 0 : bw=88848.739 MiB/s  checksum=  1593835520  expected=  1593835520
    rank 1 : bw=88203.266 MiB/s  checksum=           0  expected=           0
    rank 2 : bw=87963.046 MiB/s  checksum=    16777216  expected=    16777216
    rank 3 : bw=87844.412 MiB/s  checksum=    33554432  expected=    33554432
    rank 4 : bw=86873.743 MiB/s  checksum=    50331648  expected=    50331648
    rank 5 : bw=86355.430 MiB/s  checksum=    67108864  expected=    67108864
    rank 6 : bw=86159.211 MiB/s  checksum=    83886080  expected=    83886080
    rank 7 : bw=85752.150 MiB/s  checksum=   100663296  expected=   100663296
    rank 8 : bw=85630.173 MiB/s  checksum=   117440512  expected=   117440512
    rank 9 : bw=85491.958 MiB/s  checksum=   134217728  expected=   134217728
    rank 10 : bw=85378.989 MiB/s  checksum=   150994944  expected=   150994944
    rank 11 : bw=84932.194 MiB/s  checksum=   167772160  expected=   167772160
    rank 12 : bw=84769.577 MiB/s  checksum=   184549376  expected=   184549376
    rank 13 : bw=84481.047 MiB/s  checksum=   201326592  expected=   201326592
    rank 14 : bw=84341.910 MiB/s  checksum=   218103808  expected=   218103808
    rank 15 : bw=84124.710 MiB/s  checksum=   234881024  expected=   234881024
    rank 16 : bw=84001.393 MiB/s  checksum=   251658240  expected=   251658240
    rank 17 : bw=84001.360 MiB/s  checksum=   268435456  expected=   268435456
    rank 18 : bw=83981.163 MiB/s  checksum=   285212672  expected=   285212672
    rank 19 : bw=83834.996 MiB/s  checksum=   301989888  expected=   301989888
    rank 20 : bw=83723.917 MiB/s  checksum=   318767104  expected=   318767104
    rank 21 : bw=83647.689 MiB/s  checksum=   335544320  expected=   335544320
    rank 22 : bw=83530.428 MiB/s  checksum=   352321536  expected=   352321536
    rank 23 : bw=83530.352 MiB/s  checksum=   369098752  expected=   369098752
    rank 24 : bw=83551.207 MiB/s  checksum=   385875968  expected=   385875968
    rank 25 : bw=83433.063 MiB/s  checksum=   402653184  expected=   402653184
    rank 26 : bw=83319.490 MiB/s  checksum=   419430400  expected=   419430400
    rank 27 : bw=83319.453 MiB/s  checksum=   436207616  expected=   436207616
    rank 28 : bw=83412.911 MiB/s  checksum=   452984832  expected=   452984832
    rank 29 : bw=83535.379 MiB/s  checksum=   469762048  expected=   469762048
    rank 30 : bw=83638.892 MiB/s  checksum=   486539264  expected=   486539264
    rank 31 : bw=83746.392 MiB/s  checksum=   503316480  expected=   503316480
    rank 32 : bw=83874.184 MiB/s  checksum=   520093696  expected=   520093696
    rank 33 : bw=84088.219 MiB/s  checksum=   536870912  expected=   536870912
    rank 34 : bw=84115.409 MiB/s  checksum=   553648128  expected=   553648128
    rank 35 : bw=84105.567 MiB/s  checksum=   570425344  expected=   570425344
    rank 36 : bw=84105.364 MiB/s  checksum=   587202560  expected=   587202560
    rank 37 : bw=84278.114 MiB/s  checksum=   603979776  expected=   603979776
    rank 38 : bw=84663.247 MiB/s  checksum=   620756992  expected=   620756992
    rank 39 : bw=84663.331 MiB/s  checksum=   637534208  expected=   637534208
    rank 40 : bw=84987.780 MiB/s  checksum=   654311424  expected=   654311424
    rank 41 : bw=85013.887 MiB/s  checksum=   671088640  expected=   671088640
    rank 42 : bw=85385.635 MiB/s  checksum=   687865856  expected=   687865856
    rank 43 : bw=85385.691 MiB/s  checksum=   704643072  expected=   704643072
    rank 44 : bw=86170.160 MiB/s  checksum=   721420288  expected=   721420288
    rank 45 : bw=86498.750 MiB/s  checksum=   738197504  expected=   738197504
    rank 46 : bw=86525.177 MiB/s  checksum=   754974720  expected=   754974720
    rank 47 : bw=86561.867 MiB/s  checksum=   771751936  expected=   771751936
    rank 48 : bw=87607.813 MiB/s  checksum=   788529152  expected=   788529152
    rank 49 : bw=89277.833 MiB/s  checksum=   805306368  expected=   805306368
    rank 50 : bw=89719.909 MiB/s  checksum=   822083584  expected=   822083584
    rank 51 : bw=89887.302 MiB/s  checksum=   838860800  expected=   838860800
    rank 52 : bw=91053.199 MiB/s  checksum=   855638016  expected=   855638016
    rank 53 : bw=90815.473 MiB/s  checksum=   872415232  expected=   872415232
    rank 54 : bw=90390.378 MiB/s  checksum=   889192448  expected=   889192448
    rank 55 : bw=89837.831 MiB/s  checksum=   905969664  expected=   905969664
    rank 56 : bw=89662.782 MiB/s  checksum=   922746880  expected=   922746880
    rank 57 : bw=89662.978 MiB/s  checksum=   939524096  expected=   939524096
    rank 58 : bw=89410.700 MiB/s  checksum=   956301312  expected=   956301312
    rank 59 : bw=88583.903 MiB/s  checksum=   973078528  expected=   973078528
    rank 60 : bw=88428.030 MiB/s  checksum=   989855744  expected=   989855744
    rank 61 : bw=88210.768 MiB/s  checksum=  1006632960  expected=  1006632960
    rank 62 : bw=87957.618 MiB/s  checksum=  1023410176  expected=  1023410176
    rank 63 : bw=87939.337 MiB/s  checksum=  1040187392  expected=  1040187392
    rank 64 : bw=87726.158 MiB/s  checksum=  1056964608  expected=  1056964608
    rank 65 : bw=87726.488 MiB/s  checksum=  1073741824  expected=  1073741824
    rank 66 : bw=87508.645 MiB/s  checksum=  1090519040  expected=  1090519040
    rank 67 : bw=87276.251 MiB/s  checksum=  1107296256  expected=  1107296256
    rank 68 : bw=86971.917 MiB/s  checksum=  1124073472  expected=  1124073472
    rank 69 : bw=86749.203 MiB/s  checksum=  1140850688  expected=  1140850688
    rank 70 : bw=86614.509 MiB/s  checksum=  1157627904  expected=  1157627904
    rank 71 : bw=86614.499 MiB/s  checksum=  1174405120  expected=  1174405120
    rank 72 : bw=86761.414 MiB/s  checksum=  1191182336  expected=  1191182336
    rank 73 : bw=87144.817 MiB/s  checksum=  1207959552  expected=  1207959552
    rank 74 : bw=87456.885 MiB/s  checksum=  1224736768  expected=  1224736768
    rank 75 : bw=87842.364 MiB/s  checksum=  1241513984  expected=  1241513984
    rank 76 : bw=87887.938 MiB/s  checksum=  1258291200  expected=  1258291200
    rank 77 : bw=88339.008 MiB/s  checksum=  1275068416  expected=  1275068416
    rank 78 : bw=88338.917 MiB/s  checksum=  1291845632  expected=  1291845632
    rank 79 : bw=88656.454 MiB/s  checksum=  1308622848  expected=  1308622848
    rank 80 : bw=88656.063 MiB/s  checksum=  1325400064  expected=  1325400064
    rank 81 : bw=89677.722 MiB/s  checksum=  1342177280  expected=  1342177280
    rank 82 : bw=89996.085 MiB/s  checksum=  1358954496  expected=  1358954496
    rank 83 : bw=89990.781 MiB/s  checksum=  1375731712  expected=  1375731712
    rank 84 : bw=89989.360 MiB/s  checksum=  1392508928  expected=  1392508928
    rank 85 : bw=90629.044 MiB/s  checksum=  1409286144  expected=  1409286144
    rank 86 : bw=91815.651 MiB/s  checksum=  1426063360  expected=  1426063360
    rank 87 : bw=92336.077 MiB/s  checksum=  1442840576  expected=  1442840576
    rank 88 : bw=91973.285 MiB/s  checksum=  1459617792  expected=  1459617792
    rank 89 : bw=90906.353 MiB/s  checksum=  1476395008  expected=  1476395008
    rank 90 : bw=90486.910 MiB/s  checksum=  1493172224  expected=  1493172224
    rank 91 : bw=89990.431 MiB/s  checksum=  1509949440  expected=  1509949440
    rank 92 : bw=89989.682 MiB/s  checksum=  1526726656  expected=  1526726656
    rank 93 : bw=90193.841 MiB/s  checksum=  1543503872  expected=  1543503872
    rank 94 : bw=89734.298 MiB/s  checksum=  1560281088  expected=  1560281088
    rank 95 : bw=88970.410 MiB/s  checksum=  1577058304  expected=  1577058304

========================================
 DONE
========================================
